/*
SQLyog Ultimate v12.4.3 (64 bit)
MySQL - 10.1.38-MariaDB : Database - db_jastra
*********************************************************************
*/

/*!40101 SET NAMES utf8 */;

/*!40101 SET SQL_MODE=''*/;

/*!40014 SET @OLD_UNIQUE_CHECKS=@@UNIQUE_CHECKS, UNIQUE_CHECKS=0 */;
/*!40014 SET @OLD_FOREIGN_KEY_CHECKS=@@FOREIGN_KEY_CHECKS, FOREIGN_KEY_CHECKS=0 */;
/*!40101 SET @OLD_SQL_MODE=@@SQL_MODE, SQL_MODE='NO_AUTO_VALUE_ON_ZERO' */;
/*!40111 SET @OLD_SQL_NOTES=@@SQL_NOTES, SQL_NOTES=0 */;
CREATE DATABASE /*!32312 IF NOT EXISTS*/`db_jastra` /*!40100 DEFAULT CHARACTER SET latin1 */;

USE `db_jastra`;

/*Table structure for table `auth_group` */

DROP TABLE IF EXISTS `auth_group`;

CREATE TABLE `auth_group` (
  `id` int(11) NOT NULL AUTO_INCREMENT,
  `name` varchar(150) NOT NULL,
  PRIMARY KEY (`id`),
  UNIQUE KEY `name` (`name`)
) ENGINE=InnoDB DEFAULT CHARSET=latin1;

/*Data for the table `auth_group` */

/*Table structure for table `auth_group_permissions` */

DROP TABLE IF EXISTS `auth_group_permissions`;

CREATE TABLE `auth_group_permissions` (
  `id` bigint(20) NOT NULL AUTO_INCREMENT,
  `group_id` int(11) NOT NULL,
  `permission_id` int(11) NOT NULL,
  PRIMARY KEY (`id`),
  UNIQUE KEY `auth_group_permissions_group_id_permission_id_0cd325b0_uniq` (`group_id`,`permission_id`),
  KEY `auth_group_permissio_permission_id_84c5c92e_fk_auth_perm` (`permission_id`),
  CONSTRAINT `auth_group_permissio_permission_id_84c5c92e_fk_auth_perm` FOREIGN KEY (`permission_id`) REFERENCES `auth_permission` (`id`),
  CONSTRAINT `auth_group_permissions_group_id_b120cbf9_fk_auth_group_id` FOREIGN KEY (`group_id`) REFERENCES `auth_group` (`id`)
) ENGINE=InnoDB DEFAULT CHARSET=latin1;

/*Data for the table `auth_group_permissions` */

/*Table structure for table `auth_permission` */

DROP TABLE IF EXISTS `auth_permission`;

CREATE TABLE `auth_permission` (
  `id` int(11) NOT NULL AUTO_INCREMENT,
  `name` varchar(255) NOT NULL,
  `content_type_id` int(11) NOT NULL,
  `codename` varchar(100) NOT NULL,
  PRIMARY KEY (`id`),
  UNIQUE KEY `auth_permission_content_type_id_codename_01ab375a_uniq` (`content_type_id`,`codename`),
  CONSTRAINT `auth_permission_content_type_id_2f476e4b_fk_django_co` FOREIGN KEY (`content_type_id`) REFERENCES `django_content_type` (`id`)
) ENGINE=InnoDB AUTO_INCREMENT=37 DEFAULT CHARSET=latin1;

/*Data for the table `auth_permission` */

insert  into `auth_permission`(`id`,`name`,`content_type_id`,`codename`) values 
(1,'Can add log entry',1,'add_logentry'),
(2,'Can change log entry',1,'change_logentry'),
(3,'Can delete log entry',1,'delete_logentry'),
(4,'Can view log entry',1,'view_logentry'),
(5,'Can add permission',2,'add_permission'),
(6,'Can change permission',2,'change_permission'),
(7,'Can delete permission',2,'delete_permission'),
(8,'Can view permission',2,'view_permission'),
(9,'Can add group',3,'add_group'),
(10,'Can change group',3,'change_group'),
(11,'Can delete group',3,'delete_group'),
(12,'Can view group',3,'view_group'),
(13,'Can add user',4,'add_user'),
(14,'Can change user',4,'change_user'),
(15,'Can delete user',4,'delete_user'),
(16,'Can view user',4,'view_user'),
(17,'Can add content type',5,'add_contenttype'),
(18,'Can change content type',5,'change_contenttype'),
(19,'Can delete content type',5,'delete_contenttype'),
(20,'Can view content type',5,'view_contenttype'),
(21,'Can add session',6,'add_session'),
(22,'Can change session',6,'change_session'),
(23,'Can delete session',6,'delete_session'),
(24,'Can view session',6,'view_session'),
(25,'Can add blacklisted token',7,'add_blacklistedtoken'),
(26,'Can change blacklisted token',7,'change_blacklistedtoken'),
(27,'Can delete blacklisted token',7,'delete_blacklistedtoken'),
(28,'Can view blacklisted token',7,'view_blacklistedtoken'),
(29,'Can add outstanding token',8,'add_outstandingtoken'),
(30,'Can change outstanding token',8,'change_outstandingtoken'),
(31,'Can delete outstanding token',8,'delete_outstandingtoken'),
(32,'Can view outstanding token',8,'view_outstandingtoken'),
(33,'Can add note',9,'add_note'),
(34,'Can change note',9,'change_note'),
(35,'Can delete note',9,'delete_note'),
(36,'Can view note',9,'view_note');

/*Table structure for table `auth_user` */

DROP TABLE IF EXISTS `auth_user`;

CREATE TABLE `auth_user` (
  `id` int(11) NOT NULL AUTO_INCREMENT,
  `password` varchar(128) NOT NULL,
  `last_login` datetime(6) DEFAULT NULL,
  `is_superuser` tinyint(1) NOT NULL,
  `username` varchar(150) NOT NULL,
  `first_name` varchar(150) NOT NULL,
  `last_name` varchar(150) NOT NULL,
  `email` varchar(254) NOT NULL,
  `is_staff` tinyint(1) NOT NULL,
  `is_active` tinyint(1) NOT NULL,
  `date_joined` datetime(6) NOT NULL,
  PRIMARY KEY (`id`),
  UNIQUE KEY `username` (`username`)
) ENGINE=InnoDB AUTO_INCREMENT=3 DEFAULT CHARSET=latin1;

/*Data for the table `auth_user` */

insert  into `auth_user`(`id`,`password`,`last_login`,`is_superuser`,`username`,`first_name`,`last_name`,`email`,`is_staff`,`is_active`,`date_joined`) values 
(1,'pbkdf2_sha256$320000$WCz66KE0DxkQETSc7jbCzW$30wJGSYQdh8+l97NOK0urK4pTcwlPJaFNJMmNkfNwF4=','2022-08-22 16:12:53.821567',1,'roihan','','','roihan850@gmail.com',1,1,'2022-07-31 09:49:00.619613'),
(2,'pbkdf2_sha256$320000$NOOiugTm5C9P8pDObCWcbV$GjFaH6FzUbIHZ15VBGfzM9JnTrDMmZUXOFABpZLoE8Q=',NULL,0,'risky','','','',0,1,'2022-08-23 07:59:04.464191');

/*Table structure for table `auth_user_groups` */

DROP TABLE IF EXISTS `auth_user_groups`;

CREATE TABLE `auth_user_groups` (
  `id` bigint(20) NOT NULL AUTO_INCREMENT,
  `user_id` int(11) NOT NULL,
  `group_id` int(11) NOT NULL,
  PRIMARY KEY (`id`),
  UNIQUE KEY `auth_user_groups_user_id_group_id_94350c0c_uniq` (`user_id`,`group_id`),
  KEY `auth_user_groups_group_id_97559544_fk_auth_group_id` (`group_id`),
  CONSTRAINT `auth_user_groups_group_id_97559544_fk_auth_group_id` FOREIGN KEY (`group_id`) REFERENCES `auth_group` (`id`),
  CONSTRAINT `auth_user_groups_user_id_6a12ed8b_fk_auth_user_id` FOREIGN KEY (`user_id`) REFERENCES `auth_user` (`id`)
) ENGINE=InnoDB DEFAULT CHARSET=latin1;

/*Data for the table `auth_user_groups` */

/*Table structure for table `auth_user_user_permissions` */

DROP TABLE IF EXISTS `auth_user_user_permissions`;

CREATE TABLE `auth_user_user_permissions` (
  `id` bigint(20) NOT NULL AUTO_INCREMENT,
  `user_id` int(11) NOT NULL,
  `permission_id` int(11) NOT NULL,
  PRIMARY KEY (`id`),
  UNIQUE KEY `auth_user_user_permissions_user_id_permission_id_14a6b632_uniq` (`user_id`,`permission_id`),
  KEY `auth_user_user_permi_permission_id_1fbb5f2c_fk_auth_perm` (`permission_id`),
  CONSTRAINT `auth_user_user_permi_permission_id_1fbb5f2c_fk_auth_perm` FOREIGN KEY (`permission_id`) REFERENCES `auth_permission` (`id`),
  CONSTRAINT `auth_user_user_permissions_user_id_a95ead1b_fk_auth_user_id` FOREIGN KEY (`user_id`) REFERENCES `auth_user` (`id`)
) ENGINE=InnoDB DEFAULT CHARSET=latin1;

/*Data for the table `auth_user_user_permissions` */

/*Table structure for table `base_note` */

DROP TABLE IF EXISTS `base_note`;

CREATE TABLE `base_note` (
  `id` bigint(20) NOT NULL AUTO_INCREMENT,
  `body` longtext NOT NULL,
  `user_id` int(11) DEFAULT NULL,
  PRIMARY KEY (`id`),
  KEY `base_note_user_id_88367dec_fk_auth_user_id` (`user_id`),
  CONSTRAINT `base_note_user_id_88367dec_fk_auth_user_id` FOREIGN KEY (`user_id`) REFERENCES `auth_user` (`id`)
) ENGINE=InnoDB AUTO_INCREMENT=2 DEFAULT CHARSET=latin1;

/*Data for the table `base_note` */

insert  into `base_note`(`id`,`body`,`user_id`) values 
(1,'Testing value (random text)',1);

/*Table structure for table `django_admin_log` */

DROP TABLE IF EXISTS `django_admin_log`;

CREATE TABLE `django_admin_log` (
  `id` int(11) NOT NULL AUTO_INCREMENT,
  `action_time` datetime(6) NOT NULL,
  `object_id` longtext,
  `object_repr` varchar(200) NOT NULL,
  `action_flag` smallint(5) unsigned NOT NULL,
  `change_message` longtext NOT NULL,
  `content_type_id` int(11) DEFAULT NULL,
  `user_id` int(11) NOT NULL,
  PRIMARY KEY (`id`),
  KEY `django_admin_log_content_type_id_c4bce8eb_fk_django_co` (`content_type_id`),
  KEY `django_admin_log_user_id_c564eba6_fk_auth_user_id` (`user_id`),
  CONSTRAINT `django_admin_log_content_type_id_c4bce8eb_fk_django_co` FOREIGN KEY (`content_type_id`) REFERENCES `django_content_type` (`id`),
  CONSTRAINT `django_admin_log_user_id_c564eba6_fk_auth_user_id` FOREIGN KEY (`user_id`) REFERENCES `auth_user` (`id`)
) ENGINE=InnoDB AUTO_INCREMENT=3 DEFAULT CHARSET=latin1;

/*Data for the table `django_admin_log` */

insert  into `django_admin_log`(`id`,`action_time`,`object_id`,`object_repr`,`action_flag`,`change_message`,`content_type_id`,`user_id`) values 
(1,'2022-08-22 18:37:03.021087','1','Note object (1)',1,'[{\"added\": {}}]',9,1),
(2,'2022-08-23 07:59:04.782620','2','risky',1,'[{\"added\": {}}]',4,1);

/*Table structure for table `django_content_type` */

DROP TABLE IF EXISTS `django_content_type`;

CREATE TABLE `django_content_type` (
  `id` int(11) NOT NULL AUTO_INCREMENT,
  `app_label` varchar(100) NOT NULL,
  `model` varchar(100) NOT NULL,
  PRIMARY KEY (`id`),
  UNIQUE KEY `django_content_type_app_label_model_76bd3d3b_uniq` (`app_label`,`model`)
) ENGINE=InnoDB AUTO_INCREMENT=10 DEFAULT CHARSET=latin1;

/*Data for the table `django_content_type` */

insert  into `django_content_type`(`id`,`app_label`,`model`) values 
(1,'admin','logentry'),
(3,'auth','group'),
(2,'auth','permission'),
(4,'auth','user'),
(9,'base','note'),
(5,'contenttypes','contenttype'),
(6,'sessions','session'),
(7,'token_blacklist','blacklistedtoken'),
(8,'token_blacklist','outstandingtoken');

/*Table structure for table `django_migrations` */

DROP TABLE IF EXISTS `django_migrations`;

CREATE TABLE `django_migrations` (
  `id` bigint(20) NOT NULL AUTO_INCREMENT,
  `app` varchar(255) NOT NULL,
  `name` varchar(255) NOT NULL,
  `applied` datetime(6) NOT NULL,
  PRIMARY KEY (`id`)
) ENGINE=InnoDB AUTO_INCREMENT=31 DEFAULT CHARSET=latin1;

/*Data for the table `django_migrations` */

insert  into `django_migrations`(`id`,`app`,`name`,`applied`) values 
(1,'contenttypes','0001_initial','2022-07-31 09:43:52.345822'),
(2,'auth','0001_initial','2022-07-31 09:43:53.543074'),
(3,'admin','0001_initial','2022-07-31 09:43:53.938687'),
(4,'admin','0002_logentry_remove_auto_add','2022-07-31 09:43:53.981385'),
(5,'admin','0003_logentry_add_action_flag_choices','2022-07-31 09:43:54.020383'),
(6,'contenttypes','0002_remove_content_type_name','2022-07-31 09:43:54.256387'),
(7,'auth','0002_alter_permission_name_max_length','2022-07-31 09:43:54.456385'),
(8,'auth','0003_alter_user_email_max_length','2022-07-31 09:43:54.762386'),
(9,'auth','0004_alter_user_username_opts','2022-07-31 09:43:54.811382'),
(10,'auth','0005_alter_user_last_login_null','2022-07-31 09:43:55.078386'),
(11,'auth','0006_require_contenttypes_0002','2022-07-31 09:43:55.101391'),
(12,'auth','0007_alter_validators_add_error_messages','2022-07-31 09:43:55.131388'),
(13,'auth','0008_alter_user_username_max_length','2022-07-31 09:43:55.324389'),
(14,'auth','0009_alter_user_last_name_max_length','2022-07-31 09:43:55.500382'),
(15,'auth','0010_alter_group_name_max_length','2022-07-31 09:43:55.724387'),
(16,'auth','0011_update_proxy_permissions','2022-07-31 09:43:55.760390'),
(17,'auth','0012_alter_user_first_name_max_length','2022-07-31 09:43:55.939388'),
(18,'sessions','0001_initial','2022-07-31 09:43:56.053386'),
(19,'token_blacklist','0001_initial','2022-07-31 15:08:51.223690'),
(20,'token_blacklist','0002_outstandingtoken_jti_hex','2022-07-31 15:08:51.367689'),
(21,'token_blacklist','0003_auto_20171017_2007','2022-07-31 15:08:51.471689'),
(22,'token_blacklist','0004_auto_20171017_2013','2022-07-31 15:08:51.885922'),
(23,'token_blacklist','0005_remove_outstandingtoken_jti','2022-07-31 15:08:52.050445'),
(24,'token_blacklist','0006_auto_20171017_2113','2022-07-31 15:08:52.122445'),
(25,'token_blacklist','0007_auto_20171017_2214','2022-07-31 15:08:53.130851'),
(26,'token_blacklist','0008_migrate_to_bigautofield','2022-07-31 15:08:54.081932'),
(27,'token_blacklist','0010_fix_migrate_to_bigautofield','2022-07-31 15:08:54.154223'),
(28,'token_blacklist','0011_linearizes_history','2022-07-31 15:08:54.170222'),
(29,'token_blacklist','0012_alter_outstandingtoken_user','2022-07-31 15:08:54.226225'),
(30,'base','0001_initial','2022-08-22 18:32:16.903773');

/*Table structure for table `django_session` */

DROP TABLE IF EXISTS `django_session`;

CREATE TABLE `django_session` (
  `session_key` varchar(40) NOT NULL,
  `session_data` longtext NOT NULL,
  `expire_date` datetime(6) NOT NULL,
  PRIMARY KEY (`session_key`),
  KEY `django_session_expire_date_a5c62663` (`expire_date`)
) ENGINE=InnoDB DEFAULT CHARSET=latin1;

/*Data for the table `django_session` */

insert  into `django_session`(`session_key`,`session_data`,`expire_date`) values 
('3c6g6jka72fw8njwhsr54cwtz4fv7jxz','.eJxVjDsOwjAQBe_iGlnxL7Yp6TmDtevd4ACypTipEHeHSCmgfTPzXiLBtpa0dV7STOIslDj9bgj5wXUHdId6azK3ui4zyl2RB-3y2oifl8P9OyjQy7f2MQzRaQwTeAatPAcwPsZxQsyoTcxoo6KBrLXsEA2jY6NJq9E70iDeH-LlOAg:1oQA2n:eZJQQW2_ouDIydtyMDpB1pJRXVMdUpPmWb8upfxToIA','2022-09-05 16:12:53.831586'),
('iho126kg0vxrxbaxakqbpy40yeizcefy','.eJxVjDsOwjAQBe_iGlnxL7Yp6TmDtevd4ACypTipEHeHSCmgfTPzXiLBtpa0dV7STOIslDj9bgj5wXUHdId6azK3ui4zyl2RB-3y2oifl8P9OyjQy7f2MQzRaQwTeAatPAcwPsZxQsyoTcxoo6KBrLXsEA2jY6NJq9E70iDeH-LlOAg:1oIPwL:ITTtkcYiuZJsMRgd24QJFi93eYKHH4mzOXOUzagu2g8','2022-08-15 07:34:13.050278');

/*Table structure for table `token_blacklist_blacklistedtoken` */

DROP TABLE IF EXISTS `token_blacklist_blacklistedtoken`;

CREATE TABLE `token_blacklist_blacklistedtoken` (
  `id` bigint(20) NOT NULL AUTO_INCREMENT,
  `blacklisted_at` datetime(6) NOT NULL,
  `token_id` bigint(20) NOT NULL,
  PRIMARY KEY (`id`),
  UNIQUE KEY `token_id` (`token_id`),
  CONSTRAINT `token_blacklist_blacklistedtoken_token_id_3cc7fe56_fk` FOREIGN KEY (`token_id`) REFERENCES `token_blacklist_outstandingtoken` (`id`)
) ENGINE=InnoDB AUTO_INCREMENT=86 DEFAULT CHARSET=latin1;

/*Data for the table `token_blacklist_blacklistedtoken` */

insert  into `token_blacklist_blacklistedtoken`(`id`,`blacklisted_at`,`token_id`) values 
(1,'2022-07-31 15:27:10.260432',1),
(2,'2022-07-31 15:28:14.191937',2),
(3,'2022-08-01 06:24:51.690527',10),
(4,'2022-08-01 06:25:16.412193',11),
(5,'2022-08-19 08:02:52.298844',17),
(6,'2022-08-22 17:37:09.254761',27),
(7,'2022-08-22 17:37:44.531046',28),
(8,'2022-08-22 17:37:44.614408',29),
(9,'2022-08-22 17:41:04.018882',30),
(10,'2022-08-22 17:41:04.118495',31),
(11,'2022-08-22 17:45:04.261053',32),
(12,'2022-08-22 17:49:04.391313',33),
(13,'2022-08-22 17:53:04.600540',34),
(14,'2022-08-22 17:53:21.698843',35),
(15,'2022-08-22 17:53:21.841184',36),
(16,'2022-08-22 19:05:14.623798',42),
(17,'2022-08-22 19:05:14.768399',43),
(18,'2022-08-22 19:07:14.260664',44),
(19,'2022-08-22 19:07:14.412935',45),
(20,'2022-08-22 19:09:07.061745',46),
(21,'2022-08-22 19:09:07.124771',47),
(22,'2022-08-22 19:09:16.712490',48),
(23,'2022-08-22 19:09:16.941465',49),
(24,'2022-08-22 19:09:31.742430',50),
(25,'2022-08-22 19:09:31.903687',51),
(26,'2022-08-22 19:10:21.717938',52),
(27,'2022-08-22 19:10:21.900927',53),
(28,'2022-08-22 19:14:31.440480',54),
(29,'2022-08-22 19:14:31.572653',55),
(30,'2022-08-22 19:15:27.682462',56),
(31,'2022-08-22 19:15:27.866042',57),
(32,'2022-08-22 19:19:28.007849',58),
(33,'2022-08-22 19:32:54.114103',60),
(34,'2022-08-22 19:32:54.928773',61),
(35,'2022-08-22 19:33:36.132600',62),
(36,'2022-08-22 19:33:36.228598',63),
(37,'2022-08-22 19:36:50.813635',64),
(38,'2022-08-22 19:36:50.973914',65),
(39,'2022-08-22 19:37:25.163069',66),
(40,'2022-08-22 19:37:25.427571',67),
(41,'2022-08-23 04:27:45.801259',69),
(42,'2022-08-23 04:30:21.436616',70),
(43,'2022-08-23 04:30:37.810878',71),
(44,'2022-08-23 07:22:20.703939',74),
(45,'2022-08-23 07:22:20.864421',75),
(46,'2022-08-23 07:22:36.457315',76),
(47,'2022-08-23 07:22:36.518382',77),
(48,'2022-08-23 07:33:23.372066',79),
(49,'2022-08-23 07:33:23.514422',80),
(50,'2022-08-23 07:33:25.763922',81),
(51,'2022-08-23 07:33:25.865435',82),
(52,'2022-08-23 07:34:07.367815',83),
(53,'2022-08-23 07:34:07.479616',84),
(54,'2022-08-23 07:34:47.766915',85),
(55,'2022-08-23 07:34:47.848181',86),
(56,'2022-08-27 04:31:11.722625',91),
(57,'2022-08-27 04:31:11.984673',92),
(58,'2022-08-27 04:32:42.861793',94),
(59,'2022-08-27 04:32:42.982793',95),
(60,'2022-08-27 06:02:21.813873',102),
(61,'2022-08-27 06:02:22.017520',103),
(62,'2022-08-27 06:02:44.339013',104),
(63,'2022-08-27 06:02:44.470915',105),
(64,'2022-09-03 01:41:00.484118',109),
(65,'2022-09-03 01:41:01.103584',110),
(66,'2022-09-03 01:41:13.820642',111),
(67,'2022-09-03 01:41:13.993122',112),
(68,'2022-09-03 01:43:31.920042',113),
(69,'2022-09-03 01:43:32.347993',114),
(70,'2022-09-03 01:44:01.829941',115),
(71,'2022-09-03 01:44:02.065508',116),
(72,'2022-09-03 01:44:48.920135',117),
(73,'2022-09-03 01:44:49.173137',118),
(74,'2022-09-03 02:14:08.972326',119),
(75,'2022-09-03 02:14:09.297642',120),
(76,'2022-09-03 02:30:30.025883',121),
(77,'2022-09-03 02:30:30.506061',122),
(78,'2022-09-08 17:34:21.740901',128),
(79,'2022-09-08 17:34:22.520898',129),
(80,'2022-09-08 17:35:44.238932',130),
(81,'2022-09-08 17:35:44.842217',131),
(82,'2022-09-08 17:42:44.594319',132),
(83,'2022-09-08 17:42:46.308664',133),
(84,'2022-09-09 09:14:31.283180',137),
(85,'2022-09-09 09:14:31.584182',138);

/*Table structure for table `token_blacklist_outstandingtoken` */

DROP TABLE IF EXISTS `token_blacklist_outstandingtoken`;

CREATE TABLE `token_blacklist_outstandingtoken` (
  `id` bigint(20) NOT NULL AUTO_INCREMENT,
  `token` longtext NOT NULL,
  `created_at` datetime(6) DEFAULT NULL,
  `expires_at` datetime(6) NOT NULL,
  `user_id` int(11) DEFAULT NULL,
  `jti` varchar(255) NOT NULL,
  PRIMARY KEY (`id`),
  UNIQUE KEY `token_blacklist_outstandingtoken_jti_hex_d9bdf6f7_uniq` (`jti`),
  KEY `token_blacklist_outs_user_id_83bc629a_fk_auth_user` (`user_id`),
  CONSTRAINT `token_blacklist_outs_user_id_83bc629a_fk_auth_user` FOREIGN KEY (`user_id`) REFERENCES `auth_user` (`id`)
) ENGINE=InnoDB AUTO_INCREMENT=140 DEFAULT CHARSET=latin1;

/*Data for the table `token_blacklist_outstandingtoken` */

insert  into `token_blacklist_outstandingtoken`(`id`,`token`,`created_at`,`expires_at`,`user_id`,`jti`) values 
(1,'eyJ0eXAiOiJKV1QiLCJhbGciOiJIUzI1NiJ9.eyJ0b2tlbl90eXBlIjoicmVmcmVzaCIsImV4cCI6MTY2MTg3MTgxOSwiaWF0IjoxNjU5Mjc5ODE5LCJqdGkiOiIwZGRiMzFmZDYyOGI0NWQxOTExNDIyMmYzM2ZiYzM3NiIsInVzZXJfaWQiOjF9.549lgZ26RLk91fRLNXr1Ltasx5qkMG_b1iQoX8GgZa0',NULL,'2022-08-30 15:03:39.000000',NULL,'0ddb31fd628b45d19114222f33fbc376'),
(2,'eyJ0eXAiOiJKV1QiLCJhbGciOiJIUzI1NiJ9.eyJ0b2tlbl90eXBlIjoicmVmcmVzaCIsImV4cCI6MTY2MTg3MzI3NCwiaWF0IjoxNjU5MjgxMjc0LCJqdGkiOiI2ODNiOTQyZTcwOTM0MzZlODY0YzYwMTU4NmQ1NDAyMiIsInVzZXJfaWQiOjF9.C-23eryEOX9zNQyBAaKRbxwunwyLjMaXAeFdCWHcmsw','2022-07-31 15:27:54.269969','2022-08-30 15:27:54.000000',1,'683b942e7093436e864c601586d54022'),
(3,'eyJ0eXAiOiJKV1QiLCJhbGciOiJIUzI1NiJ9.eyJ0b2tlbl90eXBlIjoicmVmcmVzaCIsImV4cCI6MTY2MTg3MzI4MywiaWF0IjoxNjU5MjgxMjgzLCJqdGkiOiIzNTUzZTkwN2VhMTU0ZjUzOWFlMjY1Njc1Y2NmZjkxZSIsInVzZXJfaWQiOjF9.EOEUlS12IsB6_GEF7HGCEwYFsGLHZ1nFnHN4G_mrjW8','2022-07-31 15:28:03.370603','2022-08-30 15:28:03.000000',1,'3553e907ea154f539ae265675ccff91e'),
(4,'eyJ0eXAiOiJKV1QiLCJhbGciOiJIUzI1NiJ9.eyJ0b2tlbl90eXBlIjoicmVmcmVzaCIsImV4cCI6MTY2MTg3Mzc4MiwiaWF0IjoxNjU5MjgxNzgyLCJqdGkiOiIzNWY2MDFkNTM1YjI0N2Y0YTYyZDVhYjI0ZWYxYTAxMCIsInVzZXJfaWQiOjF9.OXHN_INHEN4MVUYACWsAjJI3HuMrFevqpcE4vsF6uSA','2022-07-31 15:36:22.262132','2022-08-30 15:36:22.000000',1,'35f601d535b247f4a62d5ab24ef1a010'),
(5,'eyJ0eXAiOiJKV1QiLCJhbGciOiJIUzI1NiJ9.eyJ0b2tlbl90eXBlIjoicmVmcmVzaCIsImV4cCI6MTY2MTg3OTAxMywiaWF0IjoxNjU5Mjg3MDEzLCJqdGkiOiJmNzU3ZjdjOWI4NGY0ZDczOWQzZDE5NzY1YzQ5YzBiYSIsInVzZXJfaWQiOjF9.ZCyA0VuhVTJ5S1GD9kjqQ1hRMVJiXhhwm9onPvkQvQU','2022-07-31 17:03:33.620371','2022-08-30 17:03:33.000000',1,'f757f7c9b84f4d739d3d19765c49c0ba'),
(6,'eyJ0eXAiOiJKV1QiLCJhbGciOiJIUzI1NiJ9.eyJ0b2tlbl90eXBlIjoicmVmcmVzaCIsImV4cCI6MTY2MTg3OTA3NCwiaWF0IjoxNjU5Mjg3MDc0LCJqdGkiOiI0MGNiMWYyYzk5OTg0NTk5OWE3NDIyYTc5ZGE2ZTlmNiIsInVzZXJfaWQiOjF9.x_X1FiujzAtdH8p5cN_jlqLKP1NzKk-ORI3gzfBPeL0','2022-07-31 17:04:34.616626','2022-08-30 17:04:34.000000',1,'40cb1f2c999845999a7422a79da6e9f6'),
(7,'eyJ0eXAiOiJKV1QiLCJhbGciOiJIUzI1NiJ9.eyJ0b2tlbl90eXBlIjoicmVmcmVzaCIsImV4cCI6MTY2MTg3OTk4NiwiaWF0IjoxNjU5Mjg3OTg2LCJqdGkiOiIxZDg4MjRiOTY4ZGM0MGM3OGE1Mjg0YzY0MDM3YWVmNSIsInVzZXJfaWQiOjF9.sbkb9XDcWQcYAcHcQDETRbWenI6hM5uLkiv8wrwoDuQ','2022-07-31 17:19:46.556296','2022-08-30 17:19:46.000000',1,'1d8824b968dc40c78a5284c64037aef5'),
(8,'eyJ0eXAiOiJKV1QiLCJhbGciOiJIUzI1NiJ9.eyJ0b2tlbl90eXBlIjoicmVmcmVzaCIsImV4cCI6MTY2MTg3OTk5OCwiaWF0IjoxNjU5Mjg3OTk4LCJqdGkiOiJiNjg0ODJmNTZmNzE0NWIxODk1Y2I1N2M4YmQzMTZhZCIsInVzZXJfaWQiOjF9.HMs7PwvbqE0cgvtN3_mpY-8I9I3EtFlBpTBYno_TUt0','2022-07-31 17:19:58.496762','2022-08-30 17:19:58.000000',1,'b68482f56f7145b1895cb57c8bd316ad'),
(9,'eyJ0eXAiOiJKV1QiLCJhbGciOiJIUzI1NiJ9.eyJ0b2tlbl90eXBlIjoicmVmcmVzaCIsImV4cCI6MTY2MTkyNjk4MSwiaWF0IjoxNjU5MzM0OTgxLCJqdGkiOiJiMTA5NTI4YzA5NzQ0NzdhOTdlMjUyOTI3NDAyZWUwNCIsInVzZXJfaWQiOjF9.Umu70ZrL0RELJ-UAwSKmqtOxGXq586_0gLVpRE0kxrQ','2022-08-01 06:23:01.076971','2022-08-31 06:23:01.000000',1,'b109528c0974477a97e252927402ee04'),
(10,'eyJ0eXAiOiJKV1QiLCJhbGciOiJIUzI1NiJ9.eyJ0b2tlbl90eXBlIjoicmVmcmVzaCIsImV4cCI6MTY2MTkyNzA0NSwiaWF0IjoxNjU5MzM1MDQ1LCJqdGkiOiIzNGU5ZTQ1ZjFhNGI0MDBkYTQ4NTU5NzNmNDBmYzhhOSIsInVzZXJfaWQiOjF9.i6uMHuvW3bcbaWtnjqqlidH6cPYryXeqJMEoy0J7lMc','2022-08-01 06:24:05.942595','2022-08-31 06:24:05.000000',1,'34e9e45f1a4b400da4855973f40fc8a9'),
(11,'eyJ0eXAiOiJKV1QiLCJhbGciOiJIUzI1NiJ9.eyJ0b2tlbl90eXBlIjoicmVmcmVzaCIsImV4cCI6MTY2MTkyNzA5MSwiaWF0IjoxNjU5MzM1MDkxLCJqdGkiOiI3OTQ1ZGM0YjZiOGY0MzY1YmQ4MmJmZGRhMjA4NDdmZSIsInVzZXJfaWQiOjEsInVzZXJuYW1lIjoicm9paGFuIn0.UqB7QNdY9RqriEaE0-dT406PFgCyPd84A8Wn_flyLjk',NULL,'2022-08-31 06:24:51.000000',NULL,'7945dc4b6b8f4365bd82bfdda20847fe'),
(12,'eyJ0eXAiOiJKV1QiLCJhbGciOiJIUzI1NiJ9.eyJ0b2tlbl90eXBlIjoicmVmcmVzaCIsImV4cCI6MTY2MTkyNzUxMiwiaWF0IjoxNjU5MzM1NTEyLCJqdGkiOiI3MzA5MTM3OTM2NjE0MGU4ODgzNDRkYzBjYjM5Mzg1ZiIsInVzZXJfaWQiOjF9.vmDLSYOlsQMzdktHz6NbnHd-sDqpQdnCsN9j5vgepvo','2022-08-01 06:31:52.626307','2022-08-31 06:31:52.000000',1,'73091379366140e888344dc0cb39385f'),
(13,'eyJ0eXAiOiJKV1QiLCJhbGciOiJIUzI1NiJ9.eyJ0b2tlbl90eXBlIjoicmVmcmVzaCIsImV4cCI6MTY2MTkyNzU0MiwiaWF0IjoxNjU5MzM1NTQyLCJqdGkiOiI4ZTdlZjNiNWNlNjg0M2EzYmQ3OGFhMGI2MDdlNTA5MiIsInVzZXJfaWQiOjF9.Mv4QJoL-TqxjHr59v5h9RUyKA207eoApHM0puKDKn_A','2022-08-01 06:32:22.548334','2022-08-31 06:32:22.000000',1,'8e7ef3b5ce6843a3bd78aa0b607e5092'),
(14,'eyJ0eXAiOiJKV1QiLCJhbGciOiJIUzI1NiJ9.eyJ0b2tlbl90eXBlIjoicmVmcmVzaCIsImV4cCI6MTY2MTkzMjE1NiwiaWF0IjoxNjU5MzQwMTU2LCJqdGkiOiJmMmExNzJmM2E3MzI0Njg1ODQwMjRlZmFjOGNlYWUzMCIsInVzZXJfaWQiOjF9.alEEg6lh1Aon6RAjqtmxsp6EcprofVWlvlfZwzSz2aw','2022-08-01 07:49:16.320808','2022-08-31 07:49:16.000000',1,'f2a172f3a732468584024efac8ceae30'),
(15,'eyJ0eXAiOiJKV1QiLCJhbGciOiJIUzI1NiJ9.eyJ0b2tlbl90eXBlIjoicmVmcmVzaCIsImV4cCI6MTY2MTkzMjM5MCwiaWF0IjoxNjU5MzQwMzkwLCJqdGkiOiIyMWJkYjAxMzhlMjE0MDk5OTMyMDlhYjY1ZWQ4NGVlYSIsInVzZXJfaWQiOjF9.bCFr-9juvZQLyifhZrxA9xEXWNGP7KkEL1hIy71qPkQ','2022-08-01 07:53:10.000741','2022-08-31 07:53:10.000000',1,'21bdb0138e21409993209ab65ed84eea'),
(16,'eyJ0eXAiOiJKV1QiLCJhbGciOiJIUzI1NiJ9.eyJ0b2tlbl90eXBlIjoicmVmcmVzaCIsImV4cCI6MTY2MTkzMjUxMSwiaWF0IjoxNjU5MzQwNTExLCJqdGkiOiJiYWMyMDE5ZjJiMWM0MzA5YmE0OTMwNGFkNzI2ODM3ZSIsInVzZXJfaWQiOjF9.kMVbVZmwd4mknsyfGna1PpBnREfp5tK1ng_Dq8XOJpc','2022-08-01 07:55:11.399388','2022-08-31 07:55:11.000000',1,'bac2019f2b1c4309ba49304ad726837e'),
(17,'eyJ0eXAiOiJKV1QiLCJhbGciOiJIUzI1NiJ9.eyJ0b2tlbl90eXBlIjoicmVmcmVzaCIsImV4cCI6MTY2MzQ4ODA3MiwiaWF0IjoxNjYwODk2MDcyLCJqdGkiOiJiZGZiZjYzNjVkZGQ0NTc5ODNlNmRiMGVlM2U0ZDIwNyIsInVzZXJfaWQiOjF9.UG_y-X9nCdIH70LqhZ3xWX1F_whQSTGLycXWvBXAJZo','2022-08-19 08:01:12.611331','2022-09-18 08:01:12.000000',1,'bdfbf6365ddd457983e6db0ee3e4d207'),
(18,'eyJ0eXAiOiJKV1QiLCJhbGciOiJIUzI1NiJ9.eyJ0b2tlbl90eXBlIjoicmVmcmVzaCIsImV4cCI6MTY2Mzc2ODQ3MiwiaWF0IjoxNjYxMTc2NDcyLCJqdGkiOiIxNzkxOWRhMTJkYmQ0MTNhYjU3MWIzOThjNDllYzNhMCIsInVzZXJfaWQiOjF9.F8QCIuxb81e8VKGDbRdV2tjX9oktkjhgd1-m4tMQWmI','2022-08-22 13:54:32.184725','2022-09-21 13:54:32.000000',1,'17919da12dbd413ab571b398c49ec3a0'),
(19,'eyJ0eXAiOiJKV1QiLCJhbGciOiJIUzI1NiJ9.eyJ0b2tlbl90eXBlIjoicmVmcmVzaCIsImV4cCI6MTY2Mzc2ODU5MSwiaWF0IjoxNjYxMTc2NTkxLCJqdGkiOiI3NzY1NjUxYTYwNmU0ZmE2YTY3OGEyMWY4MzBhMTc4NyIsInVzZXJfaWQiOjF9.jJxmjp2wZr7By4yMtLRu9TT4DRvzz8Vv0NT_Ps-v9uI','2022-08-22 13:56:31.879518','2022-09-21 13:56:31.000000',1,'7765651a606e4fa6a678a21f830a1787'),
(20,'eyJ0eXAiOiJKV1QiLCJhbGciOiJIUzI1NiJ9.eyJ0b2tlbl90eXBlIjoicmVmcmVzaCIsImV4cCI6MTY2Mzc2ODYzMiwiaWF0IjoxNjYxMTc2NjMyLCJqdGkiOiIyNzAzOTE2MzI1ZWY0NWMyYTc1Njg5Nzc3MjRkZmE5NiIsInVzZXJfaWQiOjF9.M3__RZZ_JtVHvrsZjPSwafdch0PzRD_lgqoal_H8a14','2022-08-22 13:57:12.502098','2022-09-21 13:57:12.000000',1,'2703916325ef45c2a7568977724dfa96'),
(21,'eyJ0eXAiOiJKV1QiLCJhbGciOiJIUzI1NiJ9.eyJ0b2tlbl90eXBlIjoicmVmcmVzaCIsImV4cCI6MTY2Mzc2ODYzNywiaWF0IjoxNjYxMTc2NjM3LCJqdGkiOiIxYmE1NzA1OTAzZDg0ODk3Yjg3ZjdiZmI5ZDIyYjhkZSIsInVzZXJfaWQiOjF9.oy0duHCODm8mH4cOKAQFKzMm3cTRCYjZUhbfv6pdK8Y','2022-08-22 13:57:17.904674','2022-09-21 13:57:17.000000',1,'1ba5705903d84897b87f7bfb9d22b8de'),
(22,'eyJ0eXAiOiJKV1QiLCJhbGciOiJIUzI1NiJ9.eyJ0b2tlbl90eXBlIjoicmVmcmVzaCIsImV4cCI6MTY2Mzc2ODkxOCwiaWF0IjoxNjYxMTc2OTE4LCJqdGkiOiI0NDgzMmEyNjU5NmU0NGY1OWEzMTIzMTVkNTY5YzhlZiIsInVzZXJfaWQiOjF9.axYzZED8nO_T4JoPvKRmpxQoTCXO9nhEs06f1r9o7FA','2022-08-22 14:01:58.585256','2022-09-21 14:01:58.000000',1,'44832a26596e44f59a312315d569c8ef'),
(23,'eyJ0eXAiOiJKV1QiLCJhbGciOiJIUzI1NiJ9.eyJ0b2tlbl90eXBlIjoicmVmcmVzaCIsImV4cCI6MTY2Mzc2OTA5NCwiaWF0IjoxNjYxMTc3MDk0LCJqdGkiOiIyYzhiZTlhNmJmNmI0NzA0OTBmNjNmNzhiNTRmODA3MCIsInVzZXJfaWQiOjF9.v-O9ggmX9jyJElPCK6bJ0_g192jZbOj9St38rSXBpLs','2022-08-22 14:04:54.616035','2022-09-21 14:04:54.000000',1,'2c8be9a6bf6b470490f63f78b54f8070'),
(24,'eyJ0eXAiOiJKV1QiLCJhbGciOiJIUzUxMiJ9.eyJ0b2tlbl90eXBlIjoicmVmcmVzaCIsImV4cCI6MTY2Mzc2OTI1MywiaWF0IjoxNjYxMTc3MjUzLCJqdGkiOiI2N2Y2MGRmMjczYzA0M2FmOWM3MzliMWYyZWI5NmIyYyIsInVzZXJfaWQiOjF9.wstO7CuzXbk-xi6YHd632VsV9ArHt6_FnNKb9Jed7WQ194MDoKSAcO2bie9AcxbgNm5pEUzFqKwqF49Uc4-Iag','2022-08-22 14:07:33.826124','2022-09-21 14:07:33.000000',1,'67f60df273c043af9c739b1f2eb96b2c'),
(25,'eyJ0eXAiOiJKV1QiLCJhbGciOiJIUzUxMiJ9.eyJ0b2tlbl90eXBlIjoicmVmcmVzaCIsImV4cCI6MTY2Mzc3MDEwMSwiaWF0IjoxNjYxMTc4MTAxLCJqdGkiOiJmYmI2YmMyNjk5Nzc0NzMyOTAzMmIzNDU1OTVlMzAyMiIsInVzZXJfaWQiOjF9.iv7TGKtFw3aJFq1XWhu5o5imCt3d6qwHBuf3fiwSflqDlr5QwYQME5sGNF6CCJlM1b4F65Mdlv4uVQoMFb63wA','2022-08-22 14:21:41.202253','2022-09-21 14:21:41.000000',1,'fbb6bc26997747329032b345595e3022'),
(26,'eyJ0eXAiOiJKV1QiLCJhbGciOiJIUzUxMiJ9.eyJ0b2tlbl90eXBlIjoicmVmcmVzaCIsImV4cCI6MTY2Mzc3NTA2MywiaWF0IjoxNjYxMTgzMDYzLCJqdGkiOiJlOTYwOGE3NjA1NjU0YjcyYmFiZjQxZmQyZGE4OWU4ZCIsInVzZXJfaWQiOjF9.rDQSaSaxhYAW4fj21dnld-rlvVdlK2xjwx8lNFOyetzI7AYkKdsvDLAaOZwVE63dEPheNSnq7iBRwFTRONnEgA','2022-08-22 15:44:23.366098','2022-09-21 15:44:23.000000',1,'e9608a7605654b72babf41fd2da89e8d'),
(27,'eyJ0eXAiOiJKV1QiLCJhbGciOiJIUzUxMiJ9.eyJ0b2tlbl90eXBlIjoicmVmcmVzaCIsImV4cCI6MTY2Mzc4MTU4OSwiaWF0IjoxNjYxMTg5NTg5LCJqdGkiOiIzOTEwMmM3MzFjMmM0ZGFjYTkxMzg5YjcyMDc0YWRiNCIsInVzZXJfaWQiOjF9._qTPd3yS76OkRiSMW6Aoa2cp6n2W4FpSkcTGDcupAncQkyYbrfTnEGtATA8wI8wdvEevGnT055o__Gem4yBMzg','2022-08-22 17:33:09.002678','2022-09-21 17:33:09.000000',1,'39102c731c2c4daca91389b72074adb4'),
(28,'eyJ0eXAiOiJKV1QiLCJhbGciOiJIUzUxMiJ9.eyJ0b2tlbl90eXBlIjoicmVmcmVzaCIsImV4cCI6MTY2Mzc4MTgyOSwiaWF0IjoxNjYxMTg5ODI5LCJqdGkiOiI4M2NiZDRkMDliZjY0ZWQxYmUwYmNhOWM3OTE5OGVlZiIsInVzZXJfaWQiOjEsInVzZXJuYW1lIjoicm9paGFuIn0.meVDw0HUNAu7td_K_8AHP63ZfjG3K4024_C8JfK2MyYiayq7sgRVBNpVx2N-0jFsum7HJ24m9vbFNfyfjDB6Wg',NULL,'2022-09-21 17:37:09.000000',NULL,'83cbd4d09bf64ed1be0bca9c79198eef'),
(29,'eyJ0eXAiOiJKV1QiLCJhbGciOiJIUzUxMiJ9.eyJ0b2tlbl90eXBlIjoicmVmcmVzaCIsImV4cCI6MTY2MTE5MDE2NCwiaWF0IjoxNjYxMTg5ODY0LCJqdGkiOiJkNzI4MjFiOTE0OTA0NmY0OGEyNWYxOTRhNDhkOTllMyIsInVzZXJfaWQiOjEsInVzZXJuYW1lIjoicm9paGFuIn0.OhxiLT7tG-Nx0r-C2ax-7WScb6GikgUPZHkCcTAgaqqVz679iF7KujbfKuRqvoYWKyrPaoFRBZNuJUO87tO75w',NULL,'2022-08-22 17:42:44.000000',NULL,'d72821b9149046f48a25f194a48d99e3'),
(30,'eyJ0eXAiOiJKV1QiLCJhbGciOiJIUzUxMiJ9.eyJ0b2tlbl90eXBlIjoicmVmcmVzaCIsImV4cCI6MTY2MTE5MDE4MCwiaWF0IjoxNjYxMTg5ODgwLCJqdGkiOiI3MDQzOWI0OTI0MWI0Zjk0YjIyOWRkOTkxYjc3ZjhkNiIsInVzZXJfaWQiOjF9.lX3nF_Pdq8ZMdu0MJYn9Lw5JAJoSHj2ZjUBe37NqTjFEwXyimHPIqbIItwk46HeZVoWKqNF9nOXSoi4Sel_3YA','2022-08-22 17:38:00.346540','2022-08-22 17:43:00.000000',1,'70439b49241b4f94b229dd991b77f8d6'),
(31,'eyJ0eXAiOiJKV1QiLCJhbGciOiJIUzUxMiJ9.eyJ0b2tlbl90eXBlIjoicmVmcmVzaCIsImV4cCI6MTY2MTE5MDM2MywiaWF0IjoxNjYxMTkwMDYzLCJqdGkiOiJlZWE2OWUyNzJiOTY0NGJhYTM5NDJmZTE4Yzg4NDM2MiIsInVzZXJfaWQiOjEsInVzZXJuYW1lIjoicm9paGFuIn0.7Kki70_laH8eedi6Lk85aDvPzxhtMlUi_8IrzPJYkqjkhTmN6TZPPh6u_FfUunrjo9JdkJIXlgV7_XnfLQaz4A',NULL,'2022-08-22 17:46:03.000000',NULL,'eea69e272b9644baa3942fe18c884362'),
(32,'eyJ0eXAiOiJKV1QiLCJhbGciOiJIUzUxMiJ9.eyJ0b2tlbl90eXBlIjoicmVmcmVzaCIsImV4cCI6MTY2MTE5MDM2NCwiaWF0IjoxNjYxMTkwMDY0LCJqdGkiOiJkMTllMjUzYzM0Njc0ZGQ5YWQwZTNiYTBhNTBhY2IwYiIsInVzZXJfaWQiOjEsInVzZXJuYW1lIjoicm9paGFuIn0.GFxCkO9ZP5tWP4tqF7taHLGbDBJSJgtF5crbzu0Tv2kSFN9nDMLLP2-2z8KBXEInx0cW-bFEmw965uj-Tt1WgA',NULL,'2022-08-22 17:46:04.000000',NULL,'d19e253c34674dd9ad0e3ba0a50acb0b'),
(33,'eyJ0eXAiOiJKV1QiLCJhbGciOiJIUzUxMiJ9.eyJ0b2tlbl90eXBlIjoicmVmcmVzaCIsImV4cCI6MTY2MTE5MDYwNCwiaWF0IjoxNjYxMTkwMzA0LCJqdGkiOiJiYjYwMjc5MTc5OTA0ODVhYmFlYmFkOTA4M2ZjZjUyZCIsInVzZXJfaWQiOjEsInVzZXJuYW1lIjoicm9paGFuIn0.t90-zUjCRcI_bXak7s0plxAE237Ph07_Gw-4lsN1rdBwxNduB9v6eNGhGQeGQGS80HWevjLVBUOK-cDRXuN9xw',NULL,'2022-08-22 17:50:04.000000',NULL,'bb6027917990485abaebad9083fcf52d'),
(34,'eyJ0eXAiOiJKV1QiLCJhbGciOiJIUzUxMiJ9.eyJ0b2tlbl90eXBlIjoicmVmcmVzaCIsImV4cCI6MTY2MTE5MDg0NCwiaWF0IjoxNjYxMTkwNTQ0LCJqdGkiOiJhMWVkMzRkY2NiNTc0YjU1ODYzNDU5OTY3YzJiNzNmZiIsInVzZXJfaWQiOjEsInVzZXJuYW1lIjoicm9paGFuIn0.8SvtYI_BGoTJ1OfpwjIxfQEWHrjZ3mXZuTjYuQ0_d4n7x5zH311jln2AxyAxWwnMUQaN2m9sRkRxrStY88i4JA',NULL,'2022-08-22 17:54:04.000000',NULL,'a1ed34dccb574b55863459967c2b73ff'),
(35,'eyJ0eXAiOiJKV1QiLCJhbGciOiJIUzUxMiJ9.eyJ0b2tlbl90eXBlIjoicmVmcmVzaCIsImV4cCI6MTY2MTE5MTA4NCwiaWF0IjoxNjYxMTkwNzg0LCJqdGkiOiI3YWJmNWIwMGUyYjk0MjJiYmVkZGViOGFmNzZlMDc2MiIsInVzZXJfaWQiOjEsInVzZXJuYW1lIjoicm9paGFuIn0.2AfFZUNbVct7Hwf7d6tA9zxaqaPYB-rW3kxwMK0QcIjD3JljxRJhT1ZNtgIbcP_lm7DmshuIV1X2x4GIqdsvsQ',NULL,'2022-08-22 17:58:04.000000',NULL,'7abf5b00e2b9422bbeddeb8af76e0762'),
(36,'eyJ0eXAiOiJKV1QiLCJhbGciOiJIUzUxMiJ9.eyJ0b2tlbl90eXBlIjoicmVmcmVzaCIsImV4cCI6MTY2MTE5MTEwMSwiaWF0IjoxNjYxMTkwODAxLCJqdGkiOiI2ZGIxYzUzMGNmZjc0NzZjYjFkZjI4ZWVlMzdhNWQwMCIsInVzZXJfaWQiOjEsInVzZXJuYW1lIjoicm9paGFuIn0._92RqaIR5UevlMIswKzqQKjf8hrV-nmYKt-0zko5KfuYu6KlJkZylXwk-f3G9DvTULpi9heYXJywO8niIYXjkQ',NULL,'2022-08-22 17:58:21.000000',NULL,'6db1c530cff7476cb1df28eee37a5d00'),
(37,'eyJ0eXAiOiJKV1QiLCJhbGciOiJIUzUxMiJ9.eyJ0b2tlbl90eXBlIjoicmVmcmVzaCIsImV4cCI6MTY2MTE5MTIzMCwiaWF0IjoxNjYxMTkwOTMwLCJqdGkiOiIyNGVjYzhkZjkzMzQ0ODUxYTQyMDM3MTAyZTBlMTFiNCIsInVzZXJfaWQiOjF9.Tsp6MHO_7mKypcdMX1aKG7turDle5P6sNsH39tyVRijSJUZ_MTOcDEHFeUWFdJ9q29KUt77olRczuebla2T6_g','2022-08-22 17:55:30.610109','2022-08-22 18:00:30.000000',1,'24ecc8df93344851a42037102e0e11b4'),
(38,'eyJ0eXAiOiJKV1QiLCJhbGciOiJIUzI1NiJ9.eyJ0b2tlbl90eXBlIjoicmVmcmVzaCIsImV4cCI6MTY2MTE5MTQ3NSwiaWF0IjoxNjYxMTkxMTc1LCJqdGkiOiI1MDUzZjNlZTZmNzI0YWJiOTYzNDgyZjIwMmRmYThiMyIsInVzZXJfaWQiOjF9.T5S4wOPm0pQqeAei03JlJcc2m9m_z40KUbln7Sq6iyw','2022-08-22 17:59:35.967949','2022-08-22 18:04:35.000000',1,'5053f3ee6f724abb963482f202dfa8b3'),
(39,'eyJ0eXAiOiJKV1QiLCJhbGciOiJIUzUxMiJ9.eyJ0b2tlbl90eXBlIjoicmVmcmVzaCIsImV4cCI6MTY2MTE5MzUwMiwiaWF0IjoxNjYxMTkzMjAyLCJqdGkiOiJmOTZkYzMxNDg3NjA0NWQ1ODJhZDExMTFiZGQxZTk3MSIsInVzZXJfaWQiOjF9.rSIoInLB4My5w32jfHNUqhpkzDdVwTtBIFDo5zUo93LoW0XE8kcB9pG_AWMtJkGQst2XhWDYXLj7LoTUMbtZrA','2022-08-22 18:33:22.734785','2022-08-22 18:38:22.000000',1,'f96dc314876045d582ad1111bdd1e971'),
(40,'eyJ0eXAiOiJKV1QiLCJhbGciOiJIUzUxMiJ9.eyJ0b2tlbl90eXBlIjoicmVmcmVzaCIsImV4cCI6MTY2MTE5MzUyMiwiaWF0IjoxNjYxMTkzMjIyLCJqdGkiOiJlYjlmMDNmZDI0ZTg0ZWNjYWVjM2MyMWU2MDk4YmNhZSIsInVzZXJfaWQiOjF9.oxagzr4jO-NLCKj1vt3Tgc4dgyR_Tldq7T0rV89N9NovqU7GlZGH7RMjbUXCTxW-fRnnmWKHr4sVrANEaGSoAg','2022-08-22 18:33:42.179132','2022-08-22 18:38:42.000000',1,'eb9f03fd24e84eccaec3c21e6098bcae'),
(41,'eyJ0eXAiOiJKV1QiLCJhbGciOiJIUzUxMiJ9.eyJ0b2tlbl90eXBlIjoicmVmcmVzaCIsImV4cCI6MTY2MTE5NTI5NiwiaWF0IjoxNjYxMTk0OTk2LCJqdGkiOiIyMGE4ZGVlMzk3NGU0OWI2OWI1NTBhYjA5ZTRkNzQ2OCIsInVzZXJfaWQiOjF9.lBRGpEweZ5D8XjXJ7j7PSIXarYep2u3unatg5sKUY11_LUaFWVKlpLiDWS1J5QfFuRYdBB7fXFG24uK5Ai6oQw','2022-08-22 19:03:16.251606','2022-08-22 19:08:16.000000',1,'20a8dee3974e49b69b550ab09e4d7468'),
(42,'eyJ0eXAiOiJKV1QiLCJhbGciOiJIUzUxMiJ9.eyJ0b2tlbl90eXBlIjoicmVmcmVzaCIsImV4cCI6MTY2MTE5NTQwNCwiaWF0IjoxNjYxMTk1MTA0LCJqdGkiOiI5ZTQyZDFlMTkyMGI0OGRmYTMwNzk4NmYzNDFlZDQyNSIsInVzZXJfaWQiOjF9.NTgv0Vk20IMT1OoAxkiVeUXrayMkRLpsJYiJ-YL2_5qnQZG3774_WnUSElfh-R4nzRnwHTEubv7Hbtcpyk5-Fg','2022-08-22 19:05:04.763485','2022-08-22 19:10:04.000000',1,'9e42d1e1920b48dfa307986f341ed425'),
(43,'eyJ0eXAiOiJKV1QiLCJhbGciOiJIUzUxMiJ9.eyJ0b2tlbl90eXBlIjoicmVmcmVzaCIsImV4cCI6MTY2MTE5NTQxNCwiaWF0IjoxNjYxMTk1MTE0LCJqdGkiOiIyYzA5NTNiYWJiN2E0ZjEyODk4YTkxMTllOGU4YTk5NCIsInVzZXJfaWQiOjEsInVzZXJuYW1lIjoicm9paGFuIn0.L6-F6VRo3tj2a-CWKRM4mC63ndBGRVeg7xKvbxgEbL4cXbpSnZudI8hB8KkzosVXOcBvnXKlLBUGQfA-4fhTPw',NULL,'2022-08-22 19:10:14.000000',NULL,'2c0953babb7a4f12898a9119e8e8a994'),
(44,'eyJ0eXAiOiJKV1QiLCJhbGciOiJIUzUxMiJ9.eyJ0b2tlbl90eXBlIjoicmVmcmVzaCIsImV4cCI6MTY2MTE5NTQxNCwiaWF0IjoxNjYxMTk1MTE0LCJqdGkiOiIzOWMzYzY1NDgzMjM0OTBhOGJhMTM5ZDE4NzM4NjM0ZiIsInVzZXJfaWQiOjEsInVzZXJuYW1lIjoicm9paGFuIn0.4oG2wQM900m8-DQsfhsfjS6NH9Ry5-nmtdP_MXPaIvvFEAlV_S5bV4dL_vSQNqHYsyfDGugg6OhnDmdVuMD_Sw',NULL,'2022-08-22 19:10:14.000000',NULL,'39c3c6548323490a8ba139d18738634f'),
(45,'eyJ0eXAiOiJKV1QiLCJhbGciOiJIUzUxMiJ9.eyJ0b2tlbl90eXBlIjoicmVmcmVzaCIsImV4cCI6MTY2MTE5NTUzNCwiaWF0IjoxNjYxMTk1MjM0LCJqdGkiOiJkYzg3MzdiN2E0MDI0YTZiODFhYTFhZGZiM2UzMzAxZSIsInVzZXJfaWQiOjEsInVzZXJuYW1lIjoicm9paGFuIn0.2_YxknSu0D5SyQ3qTtLBDLXCCl1m51syD8yBh3Uxzfz6FIpsj26Kb1LSTIjuDiz9ABFpyulMQ-buXMcucUQX8Q',NULL,'2022-08-22 19:12:14.000000',NULL,'dc8737b7a4024a6b81aa1adfb3e3301e'),
(46,'eyJ0eXAiOiJKV1QiLCJhbGciOiJIUzUxMiJ9.eyJ0b2tlbl90eXBlIjoicmVmcmVzaCIsImV4cCI6MTY2MTE5NTYzNiwiaWF0IjoxNjYxMTk1MzM2LCJqdGkiOiIyZjg5MzI0NDE2MDg0ZTU3OTg2NzI2NmViZWUwMDYxZiIsInVzZXJfaWQiOjF9.SrcYe5iTSFcKCKMxjJTz5Y5loRuyjG4tN6BboanssmEGKtsdHQ39znTPWAuak74h4V1_gj805GP-A6OqZzerrA','2022-08-22 19:08:56.958984','2022-08-22 19:13:56.000000',1,'2f89324416084e579867266ebee0061f'),
(47,'eyJ0eXAiOiJKV1QiLCJhbGciOiJIUzUxMiJ9.eyJ0b2tlbl90eXBlIjoicmVmcmVzaCIsImV4cCI6MTY2MTE5NTY0NiwiaWF0IjoxNjYxMTk1MzQ2LCJqdGkiOiI4NzhlOGZlNGJlNTI0Mjg1OTE3OTdmYTQwMmU2MDJjYSIsInVzZXJfaWQiOjEsInVzZXJuYW1lIjoicm9paGFuIn0.6mkkF8D8D82_Xy718aAES1OUomp7UD9bDSfmYO1HYu8TFcPtDRDXSycBkecIaK5RpraGLSkeWvo-SUyD_0gUXQ',NULL,'2022-08-22 19:14:06.000000',NULL,'878e8fe4be52428591797fa402e602ca'),
(48,'eyJ0eXAiOiJKV1QiLCJhbGciOiJIUzUxMiJ9.eyJ0b2tlbl90eXBlIjoicmVmcmVzaCIsImV4cCI6MTY2MTE5NTY0NywiaWF0IjoxNjYxMTk1MzQ3LCJqdGkiOiI1ZTJjMzU3OGVkYTM0ZGZhODU4OTdlYmYzZWUzZGIxYiIsInVzZXJfaWQiOjEsInVzZXJuYW1lIjoicm9paGFuIn0.3QwRT7YiDa9EDrrdyvif-zSLFm-_znZ4AuKfT4-MMQ-HOR3nNjIoyXx1M2IXLfRFhKUUAsBuG-BsHsQUYKJLHA',NULL,'2022-08-22 19:14:07.000000',NULL,'5e2c3578eda34dfa85897ebf3ee3db1b'),
(49,'eyJ0eXAiOiJKV1QiLCJhbGciOiJIUzUxMiJ9.eyJ0b2tlbl90eXBlIjoicmVmcmVzaCIsImV4cCI6MTY2MTE5NTY1NiwiaWF0IjoxNjYxMTk1MzU2LCJqdGkiOiJlYWZkYzViNDhlZjE0YzM4YjIxODZiM2RhOWQ2NTU2ZCIsInVzZXJfaWQiOjEsInVzZXJuYW1lIjoicm9paGFuIn0.SjJFQ_7B6GKmvbKox1ZLsZZVU1HQTpEYzjppRqdduFMkUHEq4qNyi-7MCpumXaLono2hJTekXVWTeP7CJ-7tfQ',NULL,'2022-08-22 19:14:16.000000',NULL,'eafdc5b48ef14c38b2186b3da9d6556d'),
(50,'eyJ0eXAiOiJKV1QiLCJhbGciOiJIUzUxMiJ9.eyJ0b2tlbl90eXBlIjoicmVmcmVzaCIsImV4cCI6MTY2MTE5NTY1NiwiaWF0IjoxNjYxMTk1MzU2LCJqdGkiOiJjZjllZTQ2NGY5NWQ0OTg3YWQ2MTQzNmJjMzdlYjU4YSIsInVzZXJfaWQiOjEsInVzZXJuYW1lIjoicm9paGFuIn0.cZJHO2ZRCz6ylrbIgAgfQv86nARnUhS_reau-zc_0X49djzXK-P9MFRdC9ue7_NLLaTQnzps85GvwO6A2M2F3g',NULL,'2022-08-22 19:14:16.000000',NULL,'cf9ee464f95d4987ad61436bc37eb58a'),
(51,'eyJ0eXAiOiJKV1QiLCJhbGciOiJIUzUxMiJ9.eyJ0b2tlbl90eXBlIjoicmVmcmVzaCIsImV4cCI6MTY2MTE5NTY3MSwiaWF0IjoxNjYxMTk1MzcxLCJqdGkiOiI3ZjA0NDE1YzI3ZTI0NjRlOTMyNWZhYWNhNTIxNGIzOSIsInVzZXJfaWQiOjEsInVzZXJuYW1lIjoicm9paGFuIn0.eGuf5y0lenI-HF8bkCW3PSLtHHCBzwF0wKWDvEk7Lv56SUrtcae-vrgrIH1EUZ6ELH6lmetPABU8YZd__LJuRw',NULL,'2022-08-22 19:14:31.000000',NULL,'7f04415c27e2464e9325faaca5214b39'),
(52,'eyJ0eXAiOiJKV1QiLCJhbGciOiJIUzUxMiJ9.eyJ0b2tlbl90eXBlIjoicmVmcmVzaCIsImV4cCI6MTY2MTE5NTY3MSwiaWF0IjoxNjYxMTk1MzcxLCJqdGkiOiJhMmM5ZGYzZDJkYTA0ZGNjYTQ0YmRlOGE2MjI2MjJkOCIsInVzZXJfaWQiOjEsInVzZXJuYW1lIjoicm9paGFuIn0.XWqWavMxNTOA9H3tZuJqu72F2iLn45oNV7tCFwK7f3SLRiJHVEuDdSVolhiDQfxVRqLQFsaiIA6P3GISto-YOA',NULL,'2022-08-22 19:14:31.000000',NULL,'a2c9df3d2da04dcca44bde8a622622d8'),
(53,'eyJ0eXAiOiJKV1QiLCJhbGciOiJIUzUxMiJ9.eyJ0b2tlbl90eXBlIjoicmVmcmVzaCIsImV4cCI6MTY2MTE5NTcyMCwiaWF0IjoxNjYxMTk1NDIwLCJqdGkiOiIwOTNlMmRkYzZiNWM0MWEyOTQxMGVhZjlkNDMwNmMwZSIsInVzZXJfaWQiOjEsInVzZXJuYW1lIjoicm9paGFuIn0.b6HMoMK3aTJSJJ2nxAjG6Hpe-eGgTgLUVSS9h2sos7on-bUnf6txJeJxZC4GiQ1mWgH6i6Rb-ZGaxHGoKlIhPw',NULL,'2022-08-22 19:15:20.000000',NULL,'093e2ddc6b5c41a29410eaf9d4306c0e'),
(54,'eyJ0eXAiOiJKV1QiLCJhbGciOiJIUzUxMiJ9.eyJ0b2tlbl90eXBlIjoicmVmcmVzaCIsImV4cCI6MTY2MTE5NTcyMSwiaWF0IjoxNjYxMTk1NDIxLCJqdGkiOiJhNjYyZmYyNDA3M2U0ODQ5OTUzN2Q1NzhkZjE4NTcyOCIsInVzZXJfaWQiOjEsInVzZXJuYW1lIjoicm9paGFuIn0.yEGxLwik2pBVvrhZ0q-O4DKDzW4kH2e178zT5ENxPGvvO1WS3iLAb08luS8PBN61oR9nZdYSqNH_KkIbMiglnw',NULL,'2022-08-22 19:15:21.000000',NULL,'a662ff24073e48499537d578df185728'),
(55,'eyJ0eXAiOiJKV1QiLCJhbGciOiJIUzUxMiJ9.eyJ0b2tlbl90eXBlIjoicmVmcmVzaCIsImV4cCI6MTY2MTE5NTk3MSwiaWF0IjoxNjYxMTk1NjcxLCJqdGkiOiI2Y2IzNTA0YjM3NWE0MTAzYjE3Y2Y3ZjhmMGM3YjcxYyIsInVzZXJfaWQiOjEsInVzZXJuYW1lIjoicm9paGFuIn0.TLbK8uwh6Qcg3RbF40BxmyBqyVTv8H87YM2-bnT8duty-qHvxjZjULfvbaGxLFxgErzsTkqrvWF179qO1R_nAA',NULL,'2022-08-22 19:19:31.000000',NULL,'6cb3504b375a4103b17cf7f8f0c7b71c'),
(56,'eyJ0eXAiOiJKV1QiLCJhbGciOiJIUzUxMiJ9.eyJ0b2tlbl90eXBlIjoicmVmcmVzaCIsImV4cCI6MTY2MTE5NTk3MSwiaWF0IjoxNjYxMTk1NjcxLCJqdGkiOiIzMmU5MGMxYzIzZDY0YWVmODRkOTc2ZDUwMTM1YWNlZCIsInVzZXJfaWQiOjEsInVzZXJuYW1lIjoicm9paGFuIn0.e77Fj72sD8Uy4_13QEo01Awy39_KyMdAnAydC3Ez31dzU5vKCXLTvNB_Uy57rgTHpawfoTO1RlFsQCwnxqfYbg',NULL,'2022-08-22 19:19:31.000000',NULL,'32e90c1c23d64aef84d976d50135aced'),
(57,'eyJ0eXAiOiJKV1QiLCJhbGciOiJIUzUxMiJ9.eyJ0b2tlbl90eXBlIjoicmVmcmVzaCIsImV4cCI6MTY2MTE5NjAyNywiaWF0IjoxNjYxMTk1NzI3LCJqdGkiOiIxNTJjMjhjNzgwNDI0Zjc2ODJjYTQzYzM1N2NjNjIxMyIsInVzZXJfaWQiOjEsInVzZXJuYW1lIjoicm9paGFuIn0.Fdw6vp3cXZaPXLtGsA-0O63v47kxiUlt_R9bR5mZTC8p7W-RoCk3yOA1iBNwZf-5GXbg9b2KTtHPUantrnBAiw',NULL,'2022-08-22 19:20:27.000000',NULL,'152c28c780424f7682ca43c357cc6213'),
(58,'eyJ0eXAiOiJKV1QiLCJhbGciOiJIUzUxMiJ9.eyJ0b2tlbl90eXBlIjoicmVmcmVzaCIsImV4cCI6MTY2MTE5NjAyNywiaWF0IjoxNjYxMTk1NzI3LCJqdGkiOiI5YWVkNzc5NWEzNWU0YjIxYjNhZDM1ZTQ1ODFkNzM5YSIsInVzZXJfaWQiOjEsInVzZXJuYW1lIjoicm9paGFuIn0.b-7Za8zHQCJ4qX156fvyqqXchLohE7L_BfGvvM3qul0uOheStou1wA_fNBZ3n9WABhFngVcUjWryMIsYnMCN5g',NULL,'2022-08-22 19:20:27.000000',NULL,'9aed7795a35e4b21b3ad35e4581d739a'),
(59,'eyJ0eXAiOiJKV1QiLCJhbGciOiJIUzUxMiJ9.eyJ0b2tlbl90eXBlIjoicmVmcmVzaCIsImV4cCI6MTY2MTE5NjgxMiwiaWF0IjoxNjYxMTk2NTEyLCJqdGkiOiIwYzllNjVkYTU0YjI0OGM5YmM1OWUxMGYxYWMxMGQ1MSIsInVzZXJfaWQiOjF9.t83a46_gKay7k1q9lpV0BZydmB1HVAknPbXENEl7yp8lU49BvCh49HzFPWCEs6h05r0ZCvog2mO1kBlIC1Cebg','2022-08-22 19:28:32.448141','2022-08-22 19:33:32.000000',1,'0c9e65da54b248c9bc59e10f1ac10d51'),
(60,'eyJ0eXAiOiJKV1QiLCJhbGciOiJIUzUxMiJ9.eyJ0b2tlbl90eXBlIjoicmVmcmVzaCIsImV4cCI6MTY2MTE5NzA2MywiaWF0IjoxNjYxMTk2NzYzLCJqdGkiOiJhZjA3MTY5ZjFmY2Q0YTJkOGY1OWU5NjBlYjIxMTEyZSIsInVzZXJfaWQiOjF9.ZFkE4LcNALtmJWIixOowMLJpR53PYB5uHUir3IepwYejdKRXuntDurs3byI4muSHe1_rQWwV8uIOEzGL1xNhYw','2022-08-22 19:32:43.889013','2022-08-22 19:37:43.000000',1,'af07169f1fcd4a2d8f59e960eb21112e'),
(61,'eyJ0eXAiOiJKV1QiLCJhbGciOiJIUzUxMiJ9.eyJ0b2tlbl90eXBlIjoicmVmcmVzaCIsImV4cCI6MTY2MTE5NzA3NCwiaWF0IjoxNjYxMTk2Nzc0LCJqdGkiOiIzNDE3MWYyMTQ0MTk0YTgxYWRhM2QzMjRmZTA2MzQ0OCIsInVzZXJfaWQiOjEsInVzZXJuYW1lIjoicm9paGFuIn0._NPQs0J_sDNqMg5FZnB46UIzSQ-3jp5cUeAjR9XKYG7zJrBnds1i1zY2wYICUc_URQNW8aYbvOYvKUuPdaKc7A',NULL,'2022-08-22 19:37:54.000000',NULL,'34171f2144194a81ada3d324fe063448'),
(62,'eyJ0eXAiOiJKV1QiLCJhbGciOiJIUzUxMiJ9.eyJ0b2tlbl90eXBlIjoicmVmcmVzaCIsImV4cCI6MTY2MTE5NzA3NCwiaWF0IjoxNjYxMTk2Nzc0LCJqdGkiOiI1ZTQ4NzBhMTFlY2E0ZTM2OTkwZGM3ZDllMTcyODZhNCIsInVzZXJfaWQiOjEsInVzZXJuYW1lIjoicm9paGFuIn0.nI3C8wYhL74PKP_iKJtNFSLhhY0sh5r00IvRWCUqJv8mbiB6v-dDj4epJlQ_9i1UzGBP9BjrLH9oGCOLU-eUYw',NULL,'2022-08-22 19:37:54.000000',NULL,'5e4870a11eca4e36990dc7d9e17286a4'),
(63,'eyJ0eXAiOiJKV1QiLCJhbGciOiJIUzUxMiJ9.eyJ0b2tlbl90eXBlIjoicmVmcmVzaCIsImV4cCI6MTY2MTE5NzExNiwiaWF0IjoxNjYxMTk2ODE2LCJqdGkiOiIxNmZhMmZjZjBkNTY0MDE2OTFlN2NjZDhiYmUyZTUyMCIsInVzZXJfaWQiOjEsInVzZXJuYW1lIjoicm9paGFuIn0.rIyGJJyadKXAJL7PoMe801cV6tM7F1cECMR0DSzCr1O3JM0ufcYXxnO8OLRZ5j9vJAyvIHx6o9dp42Si-Kd1hw',NULL,'2022-08-22 19:38:36.000000',NULL,'16fa2fcf0d56401691e7ccd8bbe2e520'),
(64,'eyJ0eXAiOiJKV1QiLCJhbGciOiJIUzUxMiJ9.eyJ0b2tlbl90eXBlIjoicmVmcmVzaCIsImV4cCI6MTY2MTE5NzExNiwiaWF0IjoxNjYxMTk2ODE2LCJqdGkiOiJkMmVlNWEzMzI2MmE0ZTZmYTJhMTBiYjlhODE1OTE2NiIsInVzZXJfaWQiOjEsInVzZXJuYW1lIjoicm9paGFuIn0.Y-Yx0il0Jlj2LPH6iE94fnaE6f6MEDYxumKMepVHAKv4srzSMwRHI_cGgGF0DVGZP9XzSlI3bqHvaCLo4llKrw',NULL,'2022-08-22 19:38:36.000000',NULL,'d2ee5a33262a4e6fa2a10bb9a8159166'),
(65,'eyJ0eXAiOiJKV1QiLCJhbGciOiJIUzUxMiJ9.eyJ0b2tlbl90eXBlIjoicmVmcmVzaCIsImV4cCI6MTY2MTE5NzA3MCwiaWF0IjoxNjYxMTk3MDEwLCJqdGkiOiIzYmNjZWUwNmMwMWY0NWVlYWZlNzdlZWNlNjhlMmZlMSIsInVzZXJfaWQiOjEsInVzZXJuYW1lIjoicm9paGFuIn0._4zfDtv4P535Rfc4EII25igWIp6i44XpWoiBtgokXu3mIvflM87ey008-zOcbmGQKNmbI-YAvv4EYD_IbRgzsQ',NULL,'2022-08-22 19:37:50.000000',NULL,'3bccee06c01f45eeafe77eece68e2fe1'),
(66,'eyJ0eXAiOiJKV1QiLCJhbGciOiJIUzUxMiJ9.eyJ0b2tlbl90eXBlIjoicmVmcmVzaCIsImV4cCI6MTY2MTE5NzA3NSwiaWF0IjoxNjYxMTk3MDE1LCJqdGkiOiI1NTg3MGU4OTc3ZTg0MTAxODRmNjVmMTk0NjAzNDA4OCIsInVzZXJfaWQiOjF9._IAyRwOKXLRLGlNgNz58ArSMDO0feuin3CmHpxORbmGcvcSdqxJPJ9V5UeFftDTDxH16gaCdqK6ygPmeLEVocw','2022-08-22 19:36:55.310344','2022-08-22 19:37:55.000000',1,'55870e8977e8410184f65f1946034088'),
(67,'eyJ0eXAiOiJKV1QiLCJhbGciOiJIUzUxMiJ9.eyJ0b2tlbl90eXBlIjoicmVmcmVzaCIsImV4cCI6MTY2MTE5NzEwNSwiaWF0IjoxNjYxMTk3MDQ1LCJqdGkiOiI1MWUzNjhkYTA4OWU0ZTFmYTE3NjZlZGEwOWQ0MjlkNCIsInVzZXJfaWQiOjEsInVzZXJuYW1lIjoicm9paGFuIn0.JuIkYTM9Oq55tixPx8gw5_hz_PP672sei1Jkal6DQHPc24VXnlYqvm_t1ELtXNLt6wcOQNcjbK2W2W3VcGJKHA',NULL,'2022-08-22 19:38:25.000000',NULL,'51e368da089e4e1fa1766eda09d429d4'),
(68,'eyJ0eXAiOiJKV1QiLCJhbGciOiJIUzUxMiJ9.eyJ0b2tlbl90eXBlIjoicmVmcmVzaCIsImV4cCI6MTY2MTIyODc2NywiaWF0IjoxNjYxMjI4NzA3LCJqdGkiOiIxZGNiNTg5OGFkODA0OWY1YTU0YmVjNzc4ZWM0MjI1MyIsInVzZXJfaWQiOjF9.2ZimW0-1lNK3PfvpS9s7oGdMIwJCbdVQzyYW48LqHduT8X0XJY0ESR0OGXMmUs2oXfruas9EFNcpR2dKsJj0ng','2022-08-23 04:25:07.747962','2022-08-23 04:26:07.000000',1,'1dcb5898ad8049f5a54bec778ec42253'),
(69,'eyJ0eXAiOiJKV1QiLCJhbGciOiJIUzUxMiJ9.eyJ0b2tlbl90eXBlIjoicmVmcmVzaCIsImV4cCI6MTY2MTIyODkwMiwiaWF0IjoxNjYxMjI4ODQyLCJqdGkiOiJjNGNkYmYxODAyYzE0Yjc2ODQ2Nzc2OGFkYzAwNmQ2MCIsInVzZXJfaWQiOjF9.Ye6ZMDANVC9tUN5hv09YW4x4grqOxtEITLFf3UVm16pTW0paDdbbj-zip8B3WmEwXLYTw2brcOvzb174lmbBlA','2022-08-23 04:27:22.954168','2022-08-23 04:28:22.000000',1,'c4cdbf1802c14b768467768adc006d60'),
(70,'eyJ0eXAiOiJKV1QiLCJhbGciOiJIUzUxMiJ9.eyJ0b2tlbl90eXBlIjoicmVmcmVzaCIsImV4cCI6MTY2MTIyOTA2NywiaWF0IjoxNjYxMjI5MDA3LCJqdGkiOiJlMmVhOTk3NzZiZWI0NDMzOTI1MjhlMjhhN2FlNDJjYSIsInVzZXJfaWQiOjF9.nH5iI6P7k6g12956vD-MCTF3FMZJsgpw-wzAzskhPgbKbo9GT5trRWEDsUiGGZMk2kvKMOcg0CoPSoY1JdnkIQ','2022-08-23 04:30:07.476469','2022-08-23 04:31:07.000000',1,'e2ea99776beb443392528e28a7ae42ca'),
(71,'eyJ0eXAiOiJKV1QiLCJhbGciOiJIUzUxMiJ9.eyJ0b2tlbl90eXBlIjoicmVmcmVzaCIsImV4cCI6MTY2MTIyOTA4MSwiaWF0IjoxNjYxMjI5MDIxLCJqdGkiOiIxNDkyMzI1NmI0NzQ0NzdhYjI1ZWJlMTgwNTA1YTQwMiIsInVzZXJfaWQiOjEsInVzZXJuYW1lIjoicm9paGFuIn0.tigIS09QEMetc7hhfzTuEfISfFomiiGYXWauROnFCVWe3W3FhKtGH8fd1I8g_dP3w98L-2-df3-5Q3Xkn4xcbw',NULL,'2022-08-23 04:31:21.000000',NULL,'14923256b474477ab25ebe180505a402'),
(72,'eyJ0eXAiOiJKV1QiLCJhbGciOiJIUzUxMiJ9.eyJ0b2tlbl90eXBlIjoicmVmcmVzaCIsImV4cCI6MTY2MTIyOTMxNSwiaWF0IjoxNjYxMjI5MjU1LCJqdGkiOiJmYWZjMWQwZTNhYmU0OWMwOTVkZWEzZmZkM2ZhNTY2MSIsInVzZXJfaWQiOjF9.v-_gOsV-6BOyy1Wp5_3YzL2uNDOYSYyfD_Mz80wCXKToV2GcXvdq0AWs7VpT-Z5Y2KfxffqUerrD2R2_CjU60g','2022-08-23 04:34:15.022171','2022-08-23 04:35:15.000000',1,'fafc1d0e3abe49c095dea3ffd3fa5661'),
(73,'eyJ0eXAiOiJKV1QiLCJhbGciOiJIUzUxMiJ9.eyJ0b2tlbl90eXBlIjoicmVmcmVzaCIsImV4cCI6MTY2MTIzOTIxNiwiaWF0IjoxNjYxMjM5MTU2LCJqdGkiOiJlNjljMDViM2U0OTI0OGEzYTg2NWY0MmM2ZTBiMzE3MSIsInVzZXJfaWQiOjF9.yOBHPphRVkGTn4IwsDuMHIqTdUO5Dxt6Nw2DFZltdSouVjvtYeBEbNwwHD5Swgd2sJMzADf_gW1nir7kJUWjKw','2022-08-23 07:19:16.957674','2022-08-23 07:20:16.000000',1,'e69c05b3e49248a3a865f42c6e0b3171'),
(74,'eyJ0eXAiOiJKV1QiLCJhbGciOiJIUzUxMiJ9.eyJ0b2tlbl90eXBlIjoicmVmcmVzaCIsImV4cCI6MTY2MTIzOTM4MywiaWF0IjoxNjYxMjM5MzIzLCJqdGkiOiI1MmIzYjNmNDlkYmU0NzE2YmZhMDVhNDIwNTNiODNiNCIsInVzZXJfaWQiOjF9.RAZK8xbNfn93aFRzEw1ZxOjj4q_nJI-c3Kj3E2sUQBhR5nXbypwLS5ZIMrWx67e-pjRodTejxFVfLcMpMQDdyA','2022-08-23 07:22:03.863192','2022-08-23 07:23:03.000000',1,'52b3b3f49dbe4716bfa05a42053b83b4'),
(75,'eyJ0eXAiOiJKV1QiLCJhbGciOiJIUzUxMiJ9.eyJ0b2tlbl90eXBlIjoicmVmcmVzaCIsImV4cCI6MTY2MTIzOTQwMCwiaWF0IjoxNjYxMjM5MzQwLCJqdGkiOiI4MDk3Y2NhNjJkNzg0ZDRiYTlhZGI0YmUzYjU2NGIwNiIsInVzZXJfaWQiOjEsInVzZXJuYW1lIjoicm9paGFuIn0.5R0WCxXlm8xXLMZW1m-iUcD7fzOG4HYyEBKceZaT6NmDHJ0MOyg5xcqtHmSSaNjFZxAkciqyeIMSRoSJwtfNVw',NULL,'2022-08-23 07:23:20.000000',NULL,'8097cca62d784d4ba9adb4be3b564b06'),
(76,'eyJ0eXAiOiJKV1QiLCJhbGciOiJIUzUxMiJ9.eyJ0b2tlbl90eXBlIjoicmVmcmVzaCIsImV4cCI6MTY2MTIzOTQwMCwiaWF0IjoxNjYxMjM5MzQwLCJqdGkiOiI2N2I4ZDQ0OGQxNmU0YjZiOWUwNzAyOTAwODA1ZGM2NyIsInVzZXJfaWQiOjEsInVzZXJuYW1lIjoicm9paGFuIn0.dlG_bodtjRF_vGbUot5fPWFop_xeuiUrEtpRF2i3WNWLxr_pZKx0ZSrh9hdKg5JKFYSLTF3MJjeWkXXEgrWegg',NULL,'2022-08-23 07:23:20.000000',NULL,'67b8d448d16e4b6b9e0702900805dc67'),
(77,'eyJ0eXAiOiJKV1QiLCJhbGciOiJIUzUxMiJ9.eyJ0b2tlbl90eXBlIjoicmVmcmVzaCIsImV4cCI6MTY2MTIzOTQxNSwiaWF0IjoxNjYxMjM5MzU1LCJqdGkiOiI5MmRkYzBhN2E3Mzg0Y2QxYjVlMDE5YjBjZDg5OTA3NiIsInVzZXJfaWQiOjEsInVzZXJuYW1lIjoicm9paGFuIn0.ZgAPZngqX4waFcZJ39It73wR4vS3-31nij8zBURW8eXcQYv2lJHtRwp60mf0buXkyKmb7GO3FIfNWWoYyLPCVw',NULL,'2022-08-23 07:23:35.000000',NULL,'92ddc0a7a7384cd1b5e019b0cd899076'),
(78,'eyJ0eXAiOiJKV1QiLCJhbGciOiJIUzUxMiJ9.eyJ0b2tlbl90eXBlIjoicmVmcmVzaCIsImV4cCI6MTY2MTIzOTk1MiwiaWF0IjoxNjYxMjM5ODkyLCJqdGkiOiI5NDU1MDQ1OWQxODE0NmIwYTFmYzVkYzFlMzFhYzBhMyIsInVzZXJfaWQiOjF9.WKCYTPDAttrOwgVDGQ-c94BuVlDV_L8ylqeK9eTsr-0DeLeWEZllI_wrjQZF0DqVZS4H6rpuPOvB_eNvanVuFQ','2022-08-23 07:31:32.931412','2022-08-23 07:32:32.000000',1,'94550459d18146b0a1fc5dc1e31ac0a3'),
(79,'eyJ0eXAiOiJKV1QiLCJhbGciOiJIUzUxMiJ9.eyJ0b2tlbl90eXBlIjoicmVmcmVzaCIsImV4cCI6MTY2MTI0MDA2MCwiaWF0IjoxNjYxMjQwMDAwLCJqdGkiOiIzMGM4MjlkMzQwMjI0MWZiYTI1ZGJmMWIzODE1NmYzMSIsInVzZXJfaWQiOjF9.kS67dN87P9aJR7xMlwP9UM9FATLBp-7lgTOMm3sqSlW7QDzJdvLMopfJ83DpEtw6LFtO7b31Y3RFJJuTrGsMIQ','2022-08-23 07:33:20.340273','2022-08-23 07:34:20.000000',1,'30c829d3402241fba25dbf1b38156f31'),
(80,'eyJ0eXAiOiJKV1QiLCJhbGciOiJIUzUxMiJ9.eyJ0b2tlbl90eXBlIjoicmVmcmVzaCIsImV4cCI6MTY2MTI0MDA2MiwiaWF0IjoxNjYxMjQwMDAyLCJqdGkiOiI1ZDQ4OTE2YTc2OTQ0MGU4ODFiODM4ZGUxN2NiNDdhOSIsInVzZXJfaWQiOjEsInVzZXJuYW1lIjoicm9paGFuIn0.aCT-dKcgu2HEAnZBqNcecwHhq_2zhF1LHL4sgttseOzM4m5PrlOsJNuHceWLnIMRwuy_VRz97fC5JK9ZZlaWaQ',NULL,'2022-08-23 07:34:22.000000',NULL,'5d48916a769440e881b838de17cb47a9'),
(81,'eyJ0eXAiOiJKV1QiLCJhbGciOiJIUzUxMiJ9.eyJ0b2tlbl90eXBlIjoicmVmcmVzaCIsImV4cCI6MTY2MTI0MDA2MywiaWF0IjoxNjYxMjQwMDAzLCJqdGkiOiJhZTVlZDRlMjY3NmI0ZWE0YTY4OTBkMzQyNWUxOGEyMCIsInVzZXJfaWQiOjEsInVzZXJuYW1lIjoicm9paGFuIn0.jyVwRZ0IkE_84Qsw0eDWOZLVbzXCcOUDLFfpdsPa_Md8moTV7Pkm-mj-3HYBjdPcSFDmBEZ9iPDg2Zj303OWIA',NULL,'2022-08-23 07:34:23.000000',NULL,'ae5ed4e2676b4ea4a6890d3425e18a20'),
(82,'eyJ0eXAiOiJKV1QiLCJhbGciOiJIUzUxMiJ9.eyJ0b2tlbl90eXBlIjoicmVmcmVzaCIsImV4cCI6MTY2MTI0MDA2NSwiaWF0IjoxNjYxMjQwMDA1LCJqdGkiOiIwMDZmZjAyMTEwYjY0YWM1ODBlZTkxYmRhNWFjMDFhNiIsInVzZXJfaWQiOjEsInVzZXJuYW1lIjoicm9paGFuIn0.NM6ITEHFWyaeV-63v_t_vINVfgZ5FD1z9Jlvo9PR6G9ppuoFHGoG8y7W-G4way9pUNgbPYH88uC86GAXi9bQ5w',NULL,'2022-08-23 07:34:25.000000',NULL,'006ff02110b64ac580ee91bda5ac01a6'),
(83,'eyJ0eXAiOiJKV1QiLCJhbGciOiJIUzUxMiJ9.eyJ0b2tlbl90eXBlIjoicmVmcmVzaCIsImV4cCI6MTY2MTI0MDA2NSwiaWF0IjoxNjYxMjQwMDA1LCJqdGkiOiIyNDk0YWU4MjcxZWU0NmMwODFlYjVkZDQwNmRiYmVmNiIsInVzZXJfaWQiOjEsInVzZXJuYW1lIjoicm9paGFuIn0.jxh8ceuKspldTZWYkkpwHzTKCXilG7tRJSGovZG5tw2L2jwzQcWDw5BqI6GGKttjzsbq9UgQ6w-QmAZtxVrNWQ',NULL,'2022-08-23 07:34:25.000000',NULL,'2494ae8271ee46c081eb5dd406dbbef6'),
(84,'eyJ0eXAiOiJKV1QiLCJhbGciOiJIUzUxMiJ9.eyJ0b2tlbl90eXBlIjoicmVmcmVzaCIsImV4cCI6MTY2MTI0MDEwNiwiaWF0IjoxNjYxMjQwMDQ2LCJqdGkiOiI4ZjY4YmYzNGI5YTA0Y2JjYWUxMGRmMGY4Y2IyZjRjMSIsInVzZXJfaWQiOjEsInVzZXJuYW1lIjoicm9paGFuIn0.jHHrwVkGohN9-Hf0sAYRjf4bz3SqG9rQkTr1xk5Ahs-iZWN_9tq0nO0UCyYCC5Lcmf9KP2y3HZCN5lF26s7mTw',NULL,'2022-08-23 07:35:06.000000',NULL,'8f68bf34b9a04cbcae10df0f8cb2f4c1'),
(85,'eyJ0eXAiOiJKV1QiLCJhbGciOiJIUzUxMiJ9.eyJ0b2tlbl90eXBlIjoicmVmcmVzaCIsImV4cCI6MTY2MTI0MDEzMCwiaWF0IjoxNjYxMjQwMDcwLCJqdGkiOiI0NWJjZDFmZWY3ODI0ODFkODUyNDAxMzc3NzZjNzUwOCIsInVzZXJfaWQiOjF9.XGotuC6WWbn3CNSbpdM2SJZS9k8GNPjF04Mk_g2-AOBhKc_kNgtcOE0XlJwcPH0nirGSAcNytVSl3CiQ6oJ3OQ','2022-08-23 07:34:30.276583','2022-08-23 07:35:30.000000',1,'45bcd1fef782481d85240137776c7508'),
(86,'eyJ0eXAiOiJKV1QiLCJhbGciOiJIUzUxMiJ9.eyJ0b2tlbl90eXBlIjoicmVmcmVzaCIsImV4cCI6MTY2MTI0MDE0NywiaWF0IjoxNjYxMjQwMDg3LCJqdGkiOiIyY2FlNmVmOGQ5Yzk0ZmQ3OGU2NDU3NTI1ZmIxMGEyMyIsInVzZXJfaWQiOjEsInVzZXJuYW1lIjoicm9paGFuIn0.XH0QfFz1rXynFlFrl-ldHOrb7tniSGC7mCWeP5F8cvP2sNzn54tmgdfuV7fvNgPNSw4Be4tHsf8gHStIA54KDg',NULL,'2022-08-23 07:35:47.000000',NULL,'2cae6ef8d9c94fd78e6457525fb10a23'),
(87,'eyJ0eXAiOiJKV1QiLCJhbGciOiJIUzUxMiJ9.eyJ0b2tlbl90eXBlIjoicmVmcmVzaCIsImV4cCI6MTY2MTI0MDMwOCwiaWF0IjoxNjYxMjQwMjQ4LCJqdGkiOiJhODA1MjljNDk0MjM0NzZkOWQwNjRjNGNjMzZkN2I3MyIsInVzZXJfaWQiOjF9.-Qu-P_WfYiMBeISKscjf124tH0U_ip_053NzDOZY_S7yaeSfGJn3A--2B0vz3TVpwYNNYeknj2YUSinMo21SFA','2022-08-23 07:37:28.532854','2022-08-23 07:38:28.000000',1,'a80529c49423476d9d064c4cc36d7b73'),
(88,'eyJ0eXAiOiJKV1QiLCJhbGciOiJIUzUxMiJ9.eyJ0b2tlbl90eXBlIjoicmVmcmVzaCIsImV4cCI6MTY2MTI0MTczNiwiaWF0IjoxNjYxMjQxNjc2LCJqdGkiOiJhYTQ1NGFjNjlhM2U0NWMxOGEzN2RmNDU0ODU2MjE3NyIsInVzZXJfaWQiOjJ9.mP30fj6qUkx76QcwK0qNL5At_C-aiQvyTZ-9IIj3X0YcSZaH6B4sr-8wg4gH0N0dmpHfacSMENjMSGaFYLVDuQ','2022-08-23 08:01:16.900264','2022-08-23 08:02:16.000000',2,'aa454ac69a3e45c18a37df4548562177'),
(89,'eyJ0eXAiOiJKV1QiLCJhbGciOiJIUzUxMiJ9.eyJ0b2tlbl90eXBlIjoicmVmcmVzaCIsImV4cCI6MTY2MTU3MjAyNCwiaWF0IjoxNjYxNTcxOTY0LCJqdGkiOiI1YTQ1Y2Q1MjQwY2Q0NzRjOGQ0M2Y3OGQ3YTcyN2YxYiIsInVzZXJfaWQiOjF9.knvLh6pAmvd8n3jlNklvQtO5Ni5ZvZXzPopu-oJfPo16bvzhyzIMigX31imMbIJ-stDopEOjKJYyv5PBNZqUBQ','2022-08-27 03:46:04.511860','2022-08-27 03:47:04.000000',1,'5a45cd5240cd474c8d43f78d7a727f1b'),
(90,'eyJ0eXAiOiJKV1QiLCJhbGciOiJIUzUxMiJ9.eyJ0b2tlbl90eXBlIjoicmVmcmVzaCIsImV4cCI6MTY2MTU3MjIyOSwiaWF0IjoxNjYxNTcyMTY5LCJqdGkiOiJiYjQ0NjQzNTk4NmE0MGRmYTc0YzY5MDUwNjUxZTY4YSIsInVzZXJfaWQiOjF9.nfsC1-tyX4Ne8GlmhOIzMxv2jDcf61a-J6jLd2hTxThD2fHMyP2UtTJiNoOjwJ9iolHSRFFzPd0pNJMvKR9eKQ','2022-08-27 03:49:29.709813','2022-08-27 03:50:29.000000',1,'bb446435986a40dfa74c69050651e68a'),
(91,'eyJ0eXAiOiJKV1QiLCJhbGciOiJIUzUxMiJ9.eyJ0b2tlbl90eXBlIjoicmVmcmVzaCIsImV4cCI6MTY2MTU3NDY5NywiaWF0IjoxNjYxNTc0NjM3LCJqdGkiOiI2MTRjNzQzNTI1ZTA0NzMyYWZiN2ZhNDdkM2ViOTAyNyIsInVzZXJfaWQiOjF9.Q2hBAHYc-6j5axPpD271LENJM6QxXDVFYbccrv4dlL2VPlj9NffAplOuIA6XZfem0UMnJoxTJuhS2RHbzJYMXA','2022-08-27 04:30:37.205112','2022-08-27 04:31:37.000000',1,'614c743525e04732afb7fa47d3eb9027'),
(92,'eyJ0eXAiOiJKV1QiLCJhbGciOiJIUzUxMiJ9.eyJ0b2tlbl90eXBlIjoicmVmcmVzaCIsImV4cCI6MTY2MTU3NDczMSwiaWF0IjoxNjYxNTc0NjcxLCJqdGkiOiJlZjE0M2RlNGUzZDU0ZTQ3OWI1MDYzNmYyMGUzY2QxNCIsInVzZXJfaWQiOjEsInVzZXJuYW1lIjoicm9paGFuIn0.xdvGAwbbTQb6B4zefsQ43xFl_s5wL43rc6MmzccF4lTMykhup9Gm5p2Mv5coliO7u27UFc06-ARTos2gNZBX_Q',NULL,'2022-08-27 04:32:11.000000',NULL,'ef143de4e3d54e479b50636f20e3cd14'),
(93,'eyJ0eXAiOiJKV1QiLCJhbGciOiJIUzUxMiJ9.eyJ0b2tlbl90eXBlIjoicmVmcmVzaCIsImV4cCI6MTY2MTU3NDc1MywiaWF0IjoxNjYxNTc0NjkzLCJqdGkiOiI3NDEzNjdjOWZjYzM0ZjViODZiNTY1NmMwMDE2MDYyNCIsInVzZXJfaWQiOjF9.u4jyVy9Ixf_tcXw1QCKBuHspvTfZiiB6r27OpWoSjTKSse4Ba8LE4AvPBso2jdUcK0-vEc_JvdMU4bUH5C7l2Q','2022-08-27 04:31:33.618099','2022-08-27 04:32:33.000000',1,'741367c9fcc34f5b86b5656c00160624'),
(94,'eyJ0eXAiOiJKV1QiLCJhbGciOiJIUzUxMiJ9.eyJ0b2tlbl90eXBlIjoicmVmcmVzaCIsImV4cCI6MTY2MTU3NDc4OSwiaWF0IjoxNjYxNTc0NzI5LCJqdGkiOiI5OGNiNTZkZGYxNTE0OGM5ODllN2U3YmU0NDBlODE1OSIsInVzZXJfaWQiOjF9.In97M6uUDYA5FYifQ1a554evwQ0A_Em1xmmqQtsOvajXCY9FDU5A0uwDq3UUILVgvtP6z6s-iOq-XgPRT4t9uQ','2022-08-27 04:32:09.290999','2022-08-27 04:33:09.000000',1,'98cb56ddf15148c989e7e7be440e8159'),
(95,'eyJ0eXAiOiJKV1QiLCJhbGciOiJIUzUxMiJ9.eyJ0b2tlbl90eXBlIjoicmVmcmVzaCIsImV4cCI6MTY2MTU3NDgyMiwiaWF0IjoxNjYxNTc0NzYyLCJqdGkiOiIyNDBiZDQ0NzhiOTY0NTA2YWYzYjUzNzFjYTlhZTkxMiIsInVzZXJfaWQiOjEsInVzZXJuYW1lIjoicm9paGFuIn0.QjKW4yStM31N5L6DgOT_bW7KBK2ParhhqBXiJmqVT99IiAs6JBn8T-C9EGJ7HNoEYLb81c6Cjy1PQQG5IISWMQ',NULL,'2022-08-27 04:33:42.000000',NULL,'240bd4478b964506af3b5371ca9ae912'),
(96,'eyJ0eXAiOiJKV1QiLCJhbGciOiJIUzUxMiJ9.eyJ0b2tlbl90eXBlIjoicmVmcmVzaCIsImV4cCI6MTY2MTU3NTM2NywiaWF0IjoxNjYxNTc1MzA3LCJqdGkiOiJiMzMxNDAzNDBiMzI0N2M3OTBhMDQyYzc2ZDk2ZGYxMCIsInVzZXJfaWQiOjF9.82rHPOyUCj6FKpbzIwNCzG5rsIj7gki_onpe6FdoPYYq7EElRSx3PsLz6e8aGDB-Xq30Sabe4aKDnmWzh4ZoYg','2022-08-27 04:41:47.378271','2022-08-27 04:42:47.000000',1,'b33140340b3247c790a042c76d96df10'),
(97,'eyJ0eXAiOiJKV1QiLCJhbGciOiJIUzUxMiJ9.eyJ0b2tlbl90eXBlIjoicmVmcmVzaCIsImV4cCI6MTY2MTU3NTYzOSwiaWF0IjoxNjYxNTc1NTc5LCJqdGkiOiJkZDZjMDYzYTZkOGE0ZjM2YjVjMDE1YmE3Mjg4ZTE2YyIsInVzZXJfaWQiOjF9.T0s8oX7i2NFti2s9eOljQA-LPwDGVf1--3K4s4Kip0GMa5KDFXhDOwwLVO9EKbX0nSAFuSE4eU9bPVPE9d2Ngg','2022-08-27 04:46:19.397826','2022-08-27 04:47:19.000000',1,'dd6c063a6d8a4f36b5c015ba7288e16c'),
(98,'eyJ0eXAiOiJKV1QiLCJhbGciOiJIUzUxMiJ9.eyJ0b2tlbl90eXBlIjoicmVmcmVzaCIsImV4cCI6MTY2MTU3NzM4NiwiaWF0IjoxNjYxNTc3MzI2LCJqdGkiOiI5ZGFkYTkxZmJjMTE0YWZhOTdiOGI0MjQwMjViOWJiOSIsInVzZXJfaWQiOjF9.QC3EKIU4ne-zt_N9LPSWOI7GAMUWYcGwby9dtXP01UNFK7-_29eUawUDw0OZSComm1bKtzo9nNGHnxqSoOGWBQ','2022-08-27 05:15:26.945558','2022-08-27 05:16:26.000000',1,'9dada91fbc114afa97b8b424025b9bb9'),
(99,'eyJ0eXAiOiJKV1QiLCJhbGciOiJIUzUxMiJ9.eyJ0b2tlbl90eXBlIjoicmVmcmVzaCIsImV4cCI6MTY2MTU3ODQzOCwiaWF0IjoxNjYxNTc4Mzc4LCJqdGkiOiJlMDEwOTQyNzcyODQ0YWI5OTIyMmEzZWI3NmQ0ZDJhNSIsInVzZXJfaWQiOjF9.LltXp8Bqxw0NkSDDoezCG3-LIH28hAQrG3h6tCZ-eqmn7gJVkqlzn0LQ7o8dvrHlYDogzTmzoGcwEBtknW4Nbg','2022-08-27 05:32:58.738558','2022-08-27 05:33:58.000000',1,'e010942772844ab99222a3eb76d4d2a5'),
(100,'eyJ0eXAiOiJKV1QiLCJhbGciOiJIUzUxMiJ9.eyJ0b2tlbl90eXBlIjoicmVmcmVzaCIsImV4cCI6MTY2MTU3ODYxMSwiaWF0IjoxNjYxNTc4NTUxLCJqdGkiOiI0MjhiZjI5NWZmZTg0ZjRlYTRiMTEyMWU0ZDdlM2I2OCIsInVzZXJfaWQiOjF9.4IH6Z7rnlUATLN9jFxgiXsg2vHF_uDUFEqHyUHkXinuPFAffzdVNni_USCmkbgfBXKiXPhOXavXtxEOkwNugjQ','2022-08-27 05:35:51.570812','2022-08-27 05:36:51.000000',1,'428bf295ffe84f4ea4b1121e4d7e3b68'),
(101,'eyJ0eXAiOiJKV1QiLCJhbGciOiJIUzUxMiJ9.eyJ0b2tlbl90eXBlIjoicmVmcmVzaCIsImV4cCI6MTY2MTU3OTg2OCwiaWF0IjoxNjYxNTc5ODA4LCJqdGkiOiJhZmU1ZGEyODE3YTE0MzM0OGFhNmE4NzkxMWEyMzdjYyIsInVzZXJfaWQiOjJ9.ktHl0_Zur1eicjdmVj1T74w3SObXm5bSvcvEr0qLIODkRDHvegDIAQu_HZO5Z-kUVsLf6X28zDmkdEFszv-gog','2022-08-27 05:56:48.861784','2022-08-27 05:57:48.000000',2,'afe5da2817a143348aa6a87911a237cc'),
(102,'eyJ0eXAiOiJKV1QiLCJhbGciOiJIUzUxMiJ9.eyJ0b2tlbl90eXBlIjoicmVmcmVzaCIsImV4cCI6MTY2MTU4MDE1MywiaWF0IjoxNjYxNTgwMDkzLCJqdGkiOiI3MjdjMTY1NTVhNjA0ZWZjOTRmYTY0MjA3NThiMDQwMSIsInVzZXJfaWQiOjJ9.VMlZwqKeMqT4YupPxzxUt5t72tkQQNpXBYgyvWyRIZzPxgRt69-SaVjgI9n0aUZ00bBZP6rT7fRCrLSvITgyZw','2022-08-27 06:01:33.505767','2022-08-27 06:02:33.000000',2,'727c16555a604efc94fa6420758b0401'),
(103,'eyJ0eXAiOiJKV1QiLCJhbGciOiJIUzUxMiJ9.eyJ0b2tlbl90eXBlIjoicmVmcmVzaCIsImV4cCI6MTY2MTU4MDIwMSwiaWF0IjoxNjYxNTgwMTQxLCJqdGkiOiJkMThmNjA5YzgzZDM0N2RmOWFhMDc3NDZmYzY4MWIyYSIsInVzZXJfaWQiOjIsInJvbGVBZG1pbiI6ZmFsc2UsInVzZXJuYW1lIjoicmlza3kifQ.MVBMbl_oQneW7hFF4JooB2QKnZhBULKMGRWJpRPLiim7pghB07lSGL1jaR146UYDUCdhsCY4qGGidGhJLerUEg',NULL,'2022-08-27 06:03:21.000000',NULL,'d18f609c83d347df9aa07746fc681b2a'),
(104,'eyJ0eXAiOiJKV1QiLCJhbGciOiJIUzUxMiJ9.eyJ0b2tlbl90eXBlIjoicmVmcmVzaCIsImV4cCI6MTY2MTU4MDIwMSwiaWF0IjoxNjYxNTgwMTQxLCJqdGkiOiIwMzQ1NDMyMTkwNDE0Yjg2OWI3ZGU5OGJmYjY1ZDVjZCIsInVzZXJfaWQiOjIsInJvbGVBZG1pbiI6ZmFsc2UsInVzZXJuYW1lIjoicmlza3kifQ.p07kCFvLOKOlRIUisOzsqA6VTUGIgvQ55HVQFh3giVIAQ9wYljpdAUA-UM3IYx70G5_dpnOwljUq4FdR8If-uA',NULL,'2022-08-27 06:03:21.000000',NULL,'0345432190414b869b7de98bfb65d5cd'),
(105,'eyJ0eXAiOiJKV1QiLCJhbGciOiJIUzUxMiJ9.eyJ0b2tlbl90eXBlIjoicmVmcmVzaCIsImV4cCI6MTY2MTU4MDIyMywiaWF0IjoxNjYxNTgwMTYzLCJqdGkiOiI1ZmY3OTBjY2Q3MTU0MGQ3OWM3OTkxMGEyZTI1MDg3OCIsInVzZXJfaWQiOjIsInJvbGVBZG1pbiI6ZmFsc2UsInVzZXJuYW1lIjoicmlza3kifQ.H9Uetv5Bk6jwN8o6CypRO3RVOCtj3lpU45auCt11ZYATQXxDVDO-HzDZ-ZJQLg7rJqd9wkr03q-qRVjeQRs-7g',NULL,'2022-08-27 06:03:43.000000',NULL,'5ff790ccd71540d79c79910a2e250878'),
(106,'eyJ0eXAiOiJKV1QiLCJhbGciOiJIUzUxMiJ9.eyJ0b2tlbl90eXBlIjoicmVmcmVzaCIsImV4cCI6MTY2MTU4MDQzOCwiaWF0IjoxNjYxNTgwMzc4LCJqdGkiOiI2MjQxZTZlMTk3OWI0ZDBkYjA5OWJmOTMxMjcyNDU3OSIsInVzZXJfaWQiOjJ9.Z-APHbFCJDYEj-_XCmh8VAGsy0Tz-9AGOLmPePOJ0Cz_yO0tke8aRZOtIZazO2mun7e7xeSeP56HioXY8G4YGQ','2022-08-27 06:06:18.213050','2022-08-27 06:07:18.000000',2,'6241e6e1979b4d0db099bf9312724579'),
(107,'eyJ0eXAiOiJKV1QiLCJhbGciOiJIUzUxMiJ9.eyJ0b2tlbl90eXBlIjoicmVmcmVzaCIsImV4cCI6MTY2MTU4NTg4MywiaWF0IjoxNjYxNTg1ODIzLCJqdGkiOiJjZmRlYjIzZDU4ZWI0NTRjODEyY2ZmZmE5ZTRhOWZmYyIsInVzZXJfaWQiOjF9.AbLPxDrAK_Sm2s6meNvZ_03OZcoqLqt02cI7Td-3-Dr_A0RQgwPF1bhprtbhoNT5Amjd2SstC3alo6CJrxnlNA','2022-08-27 07:37:03.795032','2022-08-27 07:38:03.000000',1,'cfdeb23d58eb454c812cfffa9e4a9ffc'),
(108,'eyJ0eXAiOiJKV1QiLCJhbGciOiJIUzUxMiJ9.eyJ0b2tlbl90eXBlIjoicmVmcmVzaCIsImV4cCI6MTY2MTkyMzM5NywiaWF0IjoxNjYxOTIzMzM3LCJqdGkiOiJkMDFmMTU2ZDg5MGM0MzUyYWRkY2EzM2VmMjQ2ZDIyNyIsInVzZXJfaWQiOjF9.jK9vFM2SQt5olWCGcQQ0ePcYCG9hkabw5ryurtVnWTVpmCrsuMa2cyJjBOtPk9SkXoIi253TZhkqQ4s8Ix1n8A','2022-08-31 05:22:17.445319','2022-08-31 05:23:17.000000',1,'d01f156d890c4352addca33ef246d227'),
(109,'eyJ0eXAiOiJKV1QiLCJhbGciOiJIUzUxMiJ9.eyJ0b2tlbl90eXBlIjoicmVmcmVzaCIsImV4cCI6MTY2MjE2OTMxNCwiaWF0IjoxNjYyMTY5MjU0LCJqdGkiOiJmMWVmZTU3MGM2ZjU0NjU0YWFjMTZmMjkwODY0OTA0MSIsInVzZXJfaWQiOjF9.XxUCTn4pcUMgOgoHgd5CgU_uAKIkjsz2LlAwJZo7hC6dSKXzlBQaFfGUvMX7PBX9p8LGzUvynawI2kPiH8u8kg','2022-09-03 01:40:54.580745','2022-09-03 01:41:54.000000',1,'f1efe570c6f54654aac16f2908649041'),
(110,'eyJ0eXAiOiJKV1QiLCJhbGciOiJIUzUxMiJ9.eyJ0b2tlbl90eXBlIjoicmVmcmVzaCIsImV4cCI6MTY2MjE2OTMyMCwiaWF0IjoxNjYyMTY5MjYwLCJqdGkiOiJmN2UxZGQ5YmRhZjg0MzJhODBkNTgyZjc3OTM5OTgwMSIsInVzZXJfaWQiOjEsInJvbGVBZG1pbiI6dHJ1ZSwidXNlcm5hbWUiOiJyb2loYW4ifQ.YnJ6hBWnhxT3KawImRpiwU1cMXKTcvcCzlfCOSNVgDuyAKhpObCcFfQO-F0fBRo8OWw1ubl7OlJI38mJVoxRWA',NULL,'2022-09-03 01:42:00.000000',NULL,'f7e1dd9bdaf8432a80d582f779399801'),
(111,'eyJ0eXAiOiJKV1QiLCJhbGciOiJIUzUxMiJ9.eyJ0b2tlbl90eXBlIjoicmVmcmVzaCIsImV4cCI6MTY2MjE2OTMyMSwiaWF0IjoxNjYyMTY5MjYxLCJqdGkiOiI1MTM5OTYzNjVlYmU0ODkxYjQyNmZlYjgyYWRiN2I1NiIsInVzZXJfaWQiOjEsInJvbGVBZG1pbiI6dHJ1ZSwidXNlcm5hbWUiOiJyb2loYW4ifQ.kWr6PVsLBfV4qdPyauOMibp8whSq4IUYgxy07v4xUoO7Fg-zAKaa-vE6Jmsq6Z1wfaY_TYB1SljLo37aLPJQjA',NULL,'2022-09-03 01:42:01.000000',NULL,'513996365ebe4891b426feb82adb7b56'),
(112,'eyJ0eXAiOiJKV1QiLCJhbGciOiJIUzUxMiJ9.eyJ0b2tlbl90eXBlIjoicmVmcmVzaCIsImV4cCI6MTY2MjE2OTMzMywiaWF0IjoxNjYyMTY5MjczLCJqdGkiOiI4MzhkMTM1MzY2ZjA0MWM3OTE4NjkzYzdiMTI5ZjUwMyIsInVzZXJfaWQiOjEsInJvbGVBZG1pbiI6dHJ1ZSwidXNlcm5hbWUiOiJyb2loYW4ifQ.ZFPnPOAVRWia7O2rcS4ivDMXn3GTWvbP06V9LVLYRkMzzLre2R1xhxwhlUq-4sMkOxLjPpUl356Bz3QxhE1PHw',NULL,'2022-09-03 01:42:13.000000',NULL,'838d135366f041c7918693c7b129f503'),
(113,'eyJ0eXAiOiJKV1QiLCJhbGciOiJIUzUxMiJ9.eyJ0b2tlbl90eXBlIjoicmVmcmVzaCIsImV4cCI6MTY2MjE2OTQ2MCwiaWF0IjoxNjYyMTY5NDAwLCJqdGkiOiJlMmM2MDRkZTU3ZjE0MGNjOTllN2VhYjkxOGEyZTcyNCIsInVzZXJfaWQiOjF9.xJ7dsVbQiRT_t2goBCrI8n46xlQ-YjSSjSYvdbMFikbUrEZh7bXPYnmgs0TeAT_iA9usUJo1MJ5dhUEmeLv9TA','2022-09-03 01:43:20.742665','2022-09-03 01:44:20.000000',1,'e2c604de57f140cc99e7eab918a2e724'),
(114,'eyJ0eXAiOiJKV1QiLCJhbGciOiJIUzUxMiJ9.eyJ0b2tlbl90eXBlIjoicmVmcmVzaCIsImV4cCI6MTY2MjE2OTQ3MSwiaWF0IjoxNjYyMTY5NDExLCJqdGkiOiI5MWExOWRhZDI2MWQ0ZjJiODE0YjFkZjUzYmM1N2VhYiIsInVzZXJfaWQiOjEsInJvbGVBZG1pbiI6dHJ1ZSwidXNlcm5hbWUiOiJyb2loYW4ifQ._yabZ2pM2GfoR2_EcSsd-C7Y0i5hc0QO4sH3jziZqjXJYMiPyIAjLPv9FuSQ5ZFACrKSLQ_5HyLkjSNGhOOTDQ',NULL,'2022-09-03 01:44:31.000000',NULL,'91a19dad261d4f2b814b1df53bc57eab'),
(115,'eyJ0eXAiOiJKV1QiLCJhbGciOiJIUzUxMiJ9.eyJ0b2tlbl90eXBlIjoicmVmcmVzaCIsImV4cCI6MTY2MjE2OTQ3MiwiaWF0IjoxNjYyMTY5NDEyLCJqdGkiOiI2OTA3ZTY3OTgwOTc0NzZiODFlZTZmZjJiMDE1YmMzOSIsInVzZXJfaWQiOjEsInJvbGVBZG1pbiI6dHJ1ZSwidXNlcm5hbWUiOiJyb2loYW4ifQ.hnll7SAESTbrSI9DMIkMqMoESp9QO1OmekGlXYeczbNRueZ1UQNFokLcc1pbrUN_gwquuB48_54wD2DbaRLmqQ',NULL,'2022-09-03 01:44:32.000000',NULL,'6907e6798097476b81ee6ff2b015bc39'),
(116,'eyJ0eXAiOiJKV1QiLCJhbGciOiJIUzUxMiJ9.eyJ0b2tlbl90eXBlIjoicmVmcmVzaCIsImV4cCI6MTY2MjE2OTUwMSwiaWF0IjoxNjYyMTY5NDQxLCJqdGkiOiJkOGM0N2U3ZjBlOGU0ODczODU3ZDFiZDkyZmIwMDBkNiIsInVzZXJfaWQiOjEsInJvbGVBZG1pbiI6dHJ1ZSwidXNlcm5hbWUiOiJyb2loYW4ifQ.l3HCnMhYY5KLXw6Mrq_KaFcOhIvVmLzYcHltSR0oybNM8Bi2PrHR_Ui4pSNgAvs5T0sY7TKnBJrPSU0dXo9z3g',NULL,'2022-09-03 01:45:01.000000',NULL,'d8c47e7f0e8e4873857d1bd92fb000d6'),
(117,'eyJ0eXAiOiJKV1QiLCJhbGciOiJIUzUxMiJ9.eyJ0b2tlbl90eXBlIjoicmVmcmVzaCIsImV4cCI6MTY2MjE2OTUwMiwiaWF0IjoxNjYyMTY5NDQyLCJqdGkiOiIwNjA1NzM5MTI0ZDk0NGFlYWU1ODMyYWQ2ZTczYmZiMiIsInVzZXJfaWQiOjEsInJvbGVBZG1pbiI6dHJ1ZSwidXNlcm5hbWUiOiJyb2loYW4ifQ.JJKldxCB5FHTBFe7hoYIt4NVFd7BWfu98k2ojF16amonu5dPZo6zuDckeEQZK5LHk1jbgyTZSG0gHWdv_sGEBg',NULL,'2022-09-03 01:45:02.000000',NULL,'0605739124d944aeae5832ad6e73bfb2'),
(118,'eyJ0eXAiOiJKV1QiLCJhbGciOiJIUzUxMiJ9.eyJ0b2tlbl90eXBlIjoicmVmcmVzaCIsImV4cCI6MTY2MjE2OTU0OCwiaWF0IjoxNjYyMTY5NDg4LCJqdGkiOiJkMDMwOTU4NjU2MTQ0MDQ2OTc1NTk3ZGQxYzkxYzcxZSIsInVzZXJfaWQiOjEsInJvbGVBZG1pbiI6dHJ1ZSwidXNlcm5hbWUiOiJyb2loYW4ifQ.RxlRC2QNHM9qhWm3gQzFTGO8KF5oynytPBmzR6oPDbK4fZV329gdXP9RhYsQnKeY5Sfa_v7XuKQpxbZWbT-ojA',NULL,'2022-09-03 01:45:48.000000',NULL,'d030958656144046975597dd1c91c71e'),
(119,'eyJ0eXAiOiJKV1QiLCJhbGciOiJIUzUxMiJ9.eyJ0b2tlbl90eXBlIjoicmVmcmVzaCIsImV4cCI6MTY2MjE3MTI5OCwiaWF0IjoxNjYyMTcxMjM4LCJqdGkiOiJkYjg2NzM5NTIxNjE0ZTMyODQ0ZTg0Y2IyMGMyNjA5ZCIsInVzZXJfaWQiOjF9.rTrc0_7e-nChEL13PLV3uPedjbeHhEuZTn9E3CGLnd5Ig3IQXFEj63-2helJwUVYgbeOOAdgWvgy96zgAOSU7w','2022-09-03 02:13:58.999706','2022-09-03 02:14:58.000000',1,'db86739521614e32844e84cb20c2609d'),
(120,'eyJ0eXAiOiJKV1QiLCJhbGciOiJIUzUxMiJ9.eyJ0b2tlbl90eXBlIjoicmVmcmVzaCIsImV4cCI6MTY2MjE3MTMwOCwiaWF0IjoxNjYyMTcxMjQ4LCJqdGkiOiI2YmRhNDJmYzY0MTg0ZjMyOGJkYTU1NmJjZDdkODhmOSIsInVzZXJfaWQiOjEsInJvbGVBZG1pbiI6dHJ1ZSwidXNlcm5hbWUiOiJyb2loYW4ifQ.i9LO_0eAgCEroGFYFhqWxrX7yLjFC4nyTjAD-JoQ3ChdBDhRezzUxlgnZb6IfVxEPNUhfT7nh3LUYF5Kcha6fA',NULL,'2022-09-03 02:15:08.000000',NULL,'6bda42fc64184f328bda556bcd7d88f9'),
(121,'eyJ0eXAiOiJKV1QiLCJhbGciOiJIUzUxMiJ9.eyJ0b2tlbl90eXBlIjoicmVmcmVzaCIsImV4cCI6MTY2MjE3MjI3OSwiaWF0IjoxNjYyMTcyMjE5LCJqdGkiOiJiYjEzZjFlMjNkNDE0MzdhOWRjZTVkZjJjYzU5Nzc0NyIsInVzZXJfaWQiOjF9.uFV4SQwPO0FMDMzpLVyLlpPADhn9cjyVKQqz6cWJaMXSm9bigwoXaH4BVu3qv_eX4eTNK2iPG6b_UfmQ6CDeQA','2022-09-03 02:30:19.478816','2022-09-03 02:31:19.000000',1,'bb13f1e23d41437a9dce5df2cc597747'),
(122,'eyJ0eXAiOiJKV1QiLCJhbGciOiJIUzUxMiJ9.eyJ0b2tlbl90eXBlIjoicmVmcmVzaCIsImV4cCI6MTY2MjE3MjI4OSwiaWF0IjoxNjYyMTcyMjI5LCJqdGkiOiI3YWY5ZTQxYzlmODA0M2JlOGU5ZTIxYzM0YjAyMWEzMiIsInVzZXJfaWQiOjEsInJvbGVBZG1pbiI6dHJ1ZSwidXNlcm5hbWUiOiJyb2loYW4ifQ.QoSa1d9d5rBhPNhIhPzrrO4ofndElbJ_N_lsV2-K91qJ1Qkn9rl6gi0qY-SANKSVkMGtaBKchv2ElDZhzuKYCw',NULL,'2022-09-03 02:31:29.000000',NULL,'7af9e41c9f8043be8e9e21c34b021a32'),
(123,'eyJ0eXAiOiJKV1QiLCJhbGciOiJIUzUxMiJ9.eyJ0b2tlbl90eXBlIjoicmVmcmVzaCIsImV4cCI6MTY2MjY1Nzk1MywiaWF0IjoxNjYyNjU3ODkzLCJqdGkiOiJjMWY0YjE5MjBjNGM0YzdiODEzNTE0YmFhMzcyYTM3YyIsInVzZXJfaWQiOjF9.dAXomP8SZ3vuX7Qr5PnFYHNP9Fjf9o1IENkZDAICBFCW1WRevGI3TQR0J-bDo5yHA6ptLo2axPd1wP7qlL0VrA','2022-09-08 17:24:53.144604','2022-09-08 17:25:53.000000',1,'c1f4b1920c4c4c7b813514baa372a37c'),
(124,'eyJ0eXAiOiJKV1QiLCJhbGciOiJIUzUxMiJ9.eyJ0b2tlbl90eXBlIjoicmVmcmVzaCIsImV4cCI6MTY2MjY1ODE5MSwiaWF0IjoxNjYyNjU4MTMxLCJqdGkiOiI1MGZiNTA3OThhMjc0YTUyYjJiOGQ3MzRlZmRhZWQwMiIsInVzZXJfaWQiOjF9.d2D8xiqZc01eEE4IgnKptankgCkFNnGk0-esx2UOu0Gud8tlc8My80ksfIV2NNYrQIJ6Hy0kcWu-6c5qyVV2Dg','2022-09-08 17:28:51.391766','2022-09-08 17:29:51.000000',1,'50fb50798a274a52b2b8d734efdaed02'),
(125,'eyJ0eXAiOiJKV1QiLCJhbGciOiJIUzUxMiJ9.eyJ0b2tlbl90eXBlIjoicmVmcmVzaCIsImV4cCI6MTY2MjY1ODI0NCwiaWF0IjoxNjYyNjU4MTg0LCJqdGkiOiI4MjM2OGE5NTMxZjk0ZjVkYTRmYzE5NTE3ZGZiOGM2MCIsInVzZXJfaWQiOjF9.TLthMST_lDCO7l3Dah-qcyRTGb3YpAEm2td1x7tLoO922ucrmPHvNiwTxsHoD-qoxvk6E3liE-uVtp-RclbFYQ','2022-09-08 17:29:44.318105','2022-09-08 17:30:44.000000',1,'82368a9531f94f5da4fc19517dfb8c60'),
(126,'eyJ0eXAiOiJKV1QiLCJhbGciOiJIUzUxMiJ9.eyJ0b2tlbl90eXBlIjoicmVmcmVzaCIsImV4cCI6MTY2MjY1ODM4MSwiaWF0IjoxNjYyNjU4MzIxLCJqdGkiOiIxODBiZjQ4Y2VjMjY0OTI1YmQwYmNiZThjNDZlOWUxYiIsInVzZXJfaWQiOjF9.H5lAvcSYcVhTxEhQyQjbUin9bql6smJXXZsOcg66Moi9_YeWpCkNOopT_jm-Pi6AuekiRfXVPvdk5M6inajKSA','2022-09-08 17:32:01.338563','2022-09-08 17:33:01.000000',1,'180bf48cec264925bd0bcbe8c46e9e1b'),
(127,'eyJ0eXAiOiJKV1QiLCJhbGciOiJIUzUxMiJ9.eyJ0b2tlbl90eXBlIjoicmVmcmVzaCIsImV4cCI6MTY2MjY1ODM4MiwiaWF0IjoxNjYyNjU4MzIyLCJqdGkiOiIyZjNmOWMyMWYyMTg0M2MwOTZhYmEwZDIwNjEzYjhkZCIsInVzZXJfaWQiOjF9.QGBi8EvRxLhMo27aSt0GYNydRBR-_3ELvYYKfIaHbgSkp7cTw-CmCXzyCYHX46lsqZQH2_0OrfW1bE0eehk6uA','2022-09-08 17:32:02.702545','2022-09-08 17:33:02.000000',1,'2f3f9c21f21843c096aba0d20613b8dd'),
(128,'eyJ0eXAiOiJKV1QiLCJhbGciOiJIUzUxMiJ9.eyJ0b2tlbl90eXBlIjoicmVmcmVzaCIsImV4cCI6MTY2MjY1ODQ2MywiaWF0IjoxNjYyNjU4NDAzLCJqdGkiOiI3NzE5YmFiNzkxZDM0MTA4YWJhZjQyZjI3YTMwYjAzYyIsInVzZXJfaWQiOjF9.AGVxI74n6Z_XCvulRiKqW4tj5ZAFgkpQEv39s6Hibsh0Ak8HsFHkp24mGQjKYv5xI37nBBg4gFQxxvxSqm9oxg','2022-09-08 17:33:23.151127','2022-09-08 17:34:23.000000',1,'7719bab791d34108abaf42f27a30b03c'),
(129,'eyJ0eXAiOiJKV1QiLCJhbGciOiJIUzUxMiJ9.eyJ0b2tlbl90eXBlIjoicmVmcmVzaCIsImV4cCI6MTY2MjY1ODUyMCwiaWF0IjoxNjYyNjU4NDYwLCJqdGkiOiJmMDIyYmY0NWIxMGM0MThmYWMxMjBhMzE4YzIwNmIwZiIsInVzZXJfaWQiOjEsInJvbGVBZG1pbiI6dHJ1ZSwidXNlcm5hbWUiOiJyb2loYW4ifQ.Rp67JDBXkgFwnkHnRC2FN7ARFOBcnvOREWds-zStnHAYFblYQ8-H2fIp-phMQwYxOZygZ2sIACIRTQ3dPalkwQ',NULL,'2022-09-08 17:35:20.000000',NULL,'f022bf45b10c418fac120a318c206b0f'),
(130,'eyJ0eXAiOiJKV1QiLCJhbGciOiJIUzUxMiJ9.eyJ0b2tlbl90eXBlIjoicmVmcmVzaCIsImV4cCI6MTY2MjY1ODU5NCwiaWF0IjoxNjYyNjU4NTM0LCJqdGkiOiIxMmU1ZmNkODkyMTg0NDVhOTg4YmRkN2IxYTM2YjU2MCIsInVzZXJfaWQiOjF9.H06GjfD-rt9b-xZAfVMgxXyUttVSTYXDK_bSACxIi_1dVyyyGc133boYgBRkaeeav3AVydAkXxTGQ2VglWnfaA','2022-09-08 17:35:34.900242','2022-09-08 17:36:34.000000',1,'12e5fcd89218445a988bdd7b1a36b560'),
(131,'eyJ0eXAiOiJKV1QiLCJhbGciOiJIUzUxMiJ9.eyJ0b2tlbl90eXBlIjoicmVmcmVzaCIsImV4cCI6MTY2MjY1ODYwMiwiaWF0IjoxNjYyNjU4NTQyLCJqdGkiOiJhNDhhODQxZGI3OTc0YTE4YTNlZjVlZWQxYmMyZTA5ZCIsInVzZXJfaWQiOjEsInJvbGVBZG1pbiI6dHJ1ZSwidXNlcm5hbWUiOiJyb2loYW4ifQ.7h5uRKUnkAbbCEA4J1c6aV5G01vp2o8gEdfFrBJkVCwXNENRLfki9A-VqFODXZs3m0-w00ttIRV4Nmvfl-J5hQ',NULL,'2022-09-08 17:36:42.000000',NULL,'a48a841db7974a18a3ef5eed1bc2e09d'),
(132,'eyJ0eXAiOiJKV1QiLCJhbGciOiJIUzUxMiJ9.eyJ0b2tlbl90eXBlIjoicmVmcmVzaCIsImV4cCI6MTY2MjY1ODk4OCwiaWF0IjoxNjYyNjU4OTI4LCJqdGkiOiJiNjQwNjQzMjZhZDE0NjcwODQxOGY3YzI3ZGE2ZDE5YyIsInVzZXJfaWQiOjF9.X-fwMH6AguHaNPtzHxNxAvRXkwY7j4lQbHdhEAFHHaYpfxds0_NFqhrawol_Q6zXmrW-qXcHXb4_JXorckt0aQ','2022-09-08 17:42:08.890712','2022-09-08 17:43:08.000000',1,'b64064326ad146708418f7c27da6d19c'),
(133,'eyJ0eXAiOiJKV1QiLCJhbGciOiJIUzUxMiJ9.eyJ0b2tlbl90eXBlIjoicmVmcmVzaCIsImV4cCI6MTY2MjY1OTAyMiwiaWF0IjoxNjYyNjU4OTYyLCJqdGkiOiI2NjcwOWRkMTllNWQ0Mjg4OTkzMDA5ZWMyZDFmZDQ4MCIsInVzZXJfaWQiOjEsInJvbGVBZG1pbiI6dHJ1ZSwidXNlcm5hbWUiOiJyb2loYW4ifQ.1mfPg4VyTNaF6CBIj4l-feo6IxK6NVcxr-0WlgxMPCmkKmsH5hQXL7hJlFskE83ZkGXVSsezCNepreQhbXK91g',NULL,'2022-09-08 17:43:42.000000',NULL,'66709dd19e5d4288993009ec2d1fd480'),
(134,'eyJ0eXAiOiJKV1QiLCJhbGciOiJIUzUxMiJ9.eyJ0b2tlbl90eXBlIjoicmVmcmVzaCIsImV4cCI6MTY2MjcxNDIzNiwiaWF0IjoxNjYyNzE0MTc2LCJqdGkiOiI5MWVmZTllNTcwZDM0MmNhYTc5MzU4ODU3MmZkYjFlOCIsInVzZXJfaWQiOjF9.KdHIfRMkGEnql6cO8F7RDiY0uNENxec1O3Xeyxj5i_7Ct_0x7z0Boqo7lnb3TI-tuBh0Qtu81FK4O6rd_1y7-g','2022-09-09 09:02:56.917359','2022-09-09 09:03:56.000000',1,'91efe9e570d342caa793588572fdb1e8'),
(135,'eyJ0eXAiOiJKV1QiLCJhbGciOiJIUzUxMiJ9.eyJ0b2tlbl90eXBlIjoicmVmcmVzaCIsImV4cCI6MTY2MjcxNDQyMiwiaWF0IjoxNjYyNzE0MzYyLCJqdGkiOiI1ZDMzNTQ4YTU2ODA0YTFhODBmYzVmMmViNjgwYzJhYyIsInVzZXJfaWQiOjF9.4Jg1TAWtkwjpvTSxQk9QxnoULyFsToHJD7VQHmsTwQpDmp9VA_ZWxLGkFq7j_Av4N_5rsuwC7wojGopXHm2bng','2022-09-09 09:06:02.453490','2022-09-09 09:07:02.000000',1,'5d33548a56804a1a80fc5f2eb680c2ac'),
(136,'eyJ0eXAiOiJKV1QiLCJhbGciOiJIUzUxMiJ9.eyJ0b2tlbl90eXBlIjoicmVmcmVzaCIsImV4cCI6MTY2MjcxNDY3OSwiaWF0IjoxNjYyNzE0NjE5LCJqdGkiOiJjZjcxODgwNWUyNmY0NTFiODYyMTg2NDhjZmYwMWE2MCIsInVzZXJfaWQiOjJ9.Qgfm1_CHOSm4Ains1SVOvc1zD229pjUIY5_V3j5r18R9jaiwhxttBHaw8vZJDTbBooG5zxsaYuCmZW9SNAemFA','2022-09-09 09:10:19.557458','2022-09-09 09:11:19.000000',2,'cf718805e26f451b86218648cff01a60'),
(137,'eyJ0eXAiOiJKV1QiLCJhbGciOiJIUzUxMiJ9.eyJ0b2tlbl90eXBlIjoicmVmcmVzaCIsImV4cCI6MTY2MjcxNDkwNiwiaWF0IjoxNjYyNzE0ODQ2LCJqdGkiOiJjYTIxYzQ4YzlkNDk0ZTZkYTA3YjllNjlkNjI2OTZmNCIsInVzZXJfaWQiOjF9.CZbnmX0dXRZlRqEN6UzLoOg3QbdhoHJuRRf7jZM2eHhqY-YzMskfPtJvrhmFO1J5kqIKe-hoIIhv9LT_fj2lZw','2022-09-09 09:14:06.281328','2022-09-09 09:15:06.000000',1,'ca21c48c9d494e6da07b9e69d62696f4'),
(138,'eyJ0eXAiOiJKV1QiLCJhbGciOiJIUzUxMiJ9.eyJ0b2tlbl90eXBlIjoicmVmcmVzaCIsImV4cCI6MTY2MjcxNDkzMCwiaWF0IjoxNjYyNzE0ODcwLCJqdGkiOiJiOGRlNmIyNmE3ODk0YzRhODM2YTJkNjA3ZGI3OTk2ZSIsInVzZXJfaWQiOjEsInJvbGVBZG1pbiI6dHJ1ZSwidXNlcm5hbWUiOiJyb2loYW4ifQ._2ImqiyLK0vMYuM_rxznTa03kJ_OI7WismJ_kM23dtAp_mdvMc5LJ72efNsmA_QZYeOU7PQAP4FegUgo24iZfg',NULL,'2022-09-09 09:15:30.000000',NULL,'b8de6b26a7894c4a836a2d607db7996e'),
(139,'eyJ0eXAiOiJKV1QiLCJhbGciOiJIUzUxMiJ9.eyJ0b2tlbl90eXBlIjoicmVmcmVzaCIsImV4cCI6MTY2MjcxNTk4OSwiaWF0IjoxNjYyNzE1OTI5LCJqdGkiOiJjMzFhOTk0MTcxNGY0YmMxYWRjYmM3OTg1NDhiN2FmYSIsInVzZXJfaWQiOjF9.ETc1VOv4ZCaozkHAYFG3Rtivd-ursRjY23ryoSCE0Obz85gI4zcURmg9fn9xihyQbdHdveIEX5brQsXpPy842Q','2022-09-09 09:32:09.216683','2022-09-09 09:33:09.000000',1,'c31a9941714f4bc1adcbc798548b7afa');

/*!40101 SET SQL_MODE=@OLD_SQL_MODE */;
/*!40014 SET FOREIGN_KEY_CHECKS=@OLD_FOREIGN_KEY_CHECKS */;
/*!40014 SET UNIQUE_CHECKS=@OLD_UNIQUE_CHECKS */;
/*!40111 SET SQL_NOTES=@OLD_SQL_NOTES */;
